The system is: Linux - 5.4.0-212-generic - x86_64
Compiling the C compiler identification source file "CMakeCCompilerId.c" succeeded.
Compiler: /usr/bin/cc 
Build flags: 
Id flags:  

The output was:
0


Compilation of the C compiler identification source "CMakeCCompilerId.c" produced "a.out"

The C compiler identification is GNU, found in "/home/lb831/SCONE/Build/CMakeFiles/3.16.3/CompilerIdC/a.out"

Compiling the CXX compiler identification source file "CMakeCXXCompilerId.cpp" succeeded.
Compiler: /usr/bin/c++ 
Build flags: 
Id flags:  

The output was:
0


Compilation of the CXX compiler identification source "CMakeCXXCompilerId.cpp" produced "a.out"

The CXX compiler identification is GNU, found in "/home/lb831/SCONE/Build/CMakeFiles/3.16.3/CompilerIdCXX/a.out"

Determining if the C compiler works passed with the following output:
Change Dir: /home/lb831/SCONE/Build/CMakeFiles/CMakeTmp

Run Build Command(s):/usr/bin/make cmTC_d48f8/fast && /usr/bin/make -f CMakeFiles/cmTC_d48f8.dir/build.make CMakeFiles/cmTC_d48f8.dir/build
make[1]: Entering directory '/home/lb831/SCONE/Build/CMakeFiles/CMakeTmp'
Building C object CMakeFiles/cmTC_d48f8.dir/testCCompiler.c.o
/usr/bin/cc    -o CMakeFiles/cmTC_d48f8.dir/testCCompiler.c.o   -c /home/lb831/SCONE/Build/CMakeFiles/CMakeTmp/testCCompiler.c
Linking C executable cmTC_d48f8
/usr/bin/cmake -E cmake_link_script CMakeFiles/cmTC_d48f8.dir/link.txt --verbose=1
/usr/bin/cc      CMakeFiles/cmTC_d48f8.dir/testCCompiler.c.o  -o cmTC_d48f8 
make[1]: Leaving directory '/home/lb831/SCONE/Build/CMakeFiles/CMakeTmp'



Detecting C compiler ABI info compiled with the following output:
Change Dir: /home/lb831/SCONE/Build/CMakeFiles/CMakeTmp

Run Build Command(s):/usr/bin/make cmTC_189f0/fast && /usr/bin/make -f CMakeFiles/cmTC_189f0.dir/build.make CMakeFiles/cmTC_189f0.dir/build
make[1]: Entering directory '/home/lb831/SCONE/Build/CMakeFiles/CMakeTmp'
Building C object CMakeFiles/cmTC_189f0.dir/CMakeCCompilerABI.c.o
/usr/bin/cc   -v -o CMakeFiles/cmTC_189f0.dir/CMakeCCompilerABI.c.o   -c /usr/share/cmake-3.16/Modules/CMakeCCompilerABI.c
Using built-in specs.
COLLECT_GCC=/usr/bin/cc
OFFLOAD_TARGET_NAMES=nvptx-none:hsa
OFFLOAD_TARGET_DEFAULT=1
Target: x86_64-linux-gnu
Configured with: ../src/configure -v --with-pkgversion='Ubuntu 9.4.0-1ubuntu1~20.04.2' --with-bugurl=file:///usr/share/doc/gcc-9/README.Bugs --enable-languages=c,ada,c++,go,brig,d,fortran,objc,obj-c++,gm2 --prefix=/usr --with-gcc-major-version-only --program-suffix=-9 --program-prefix=x86_64-linux-gnu- --enable-shared --enable-linker-build-id --libexecdir=/usr/lib --without-included-gettext --enable-threads=posix --libdir=/usr/lib --enable-nls --enable-clocale=gnu --enable-libstdcxx-debug --enable-libstdcxx-time=yes --with-default-libstdcxx-abi=new --enable-gnu-unique-object --disable-vtable-verify --enable-plugin --enable-default-pie --with-system-zlib --with-target-system-zlib=auto --enable-objc-gc=auto --enable-multiarch --disable-werror --with-arch-32=i686 --with-abi=m64 --with-multilib-list=m32,m64,mx32 --enable-multilib --with-tune=generic --enable-offload-targets=nvptx-none=/build/gcc-9-9QDOt0/gcc-9-9.4.0/debian/tmp-nvptx/usr,hsa --without-cuda-driver --enable-checking=release --build=x86_64-linux-gnu --host=x86_64-linux-gnu --target=x86_64-linux-gnu
Thread model: posix
gcc version 9.4.0 (Ubuntu 9.4.0-1ubuntu1~20.04.2) 
COLLECT_GCC_OPTIONS='-v' '-o' 'CMakeFiles/cmTC_189f0.dir/CMakeCCompilerABI.c.o' '-c' '-mtune=generic' '-march=x86-64'
 /usr/lib/gcc/x86_64-linux-gnu/9/cc1 -quiet -v -imultiarch x86_64-linux-gnu /usr/share/cmake-3.16/Modules/CMakeCCompilerABI.c -quiet -dumpbase CMakeCCompilerABI.c -mtune=generic -march=x86-64 -auxbase-strip CMakeFiles/cmTC_189f0.dir/CMakeCCompilerABI.c.o -version -fasynchronous-unwind-tables -fstack-protector-strong -Wformat -Wformat-security -fstack-clash-protection -fcf-protection -o /tmp/ccpp8ars.s
GNU C17 (Ubuntu 9.4.0-1ubuntu1~20.04.2) version 9.4.0 (x86_64-linux-gnu)
	compiled by GNU C version 9.4.0, GMP version 6.2.0, MPFR version 4.0.2, MPC version 1.1.0, isl version isl-0.22.1-GMP

GGC heuristics: --param ggc-min-expand=100 --param ggc-min-heapsize=131072
ignoring nonexistent directory "/usr/local/include/x86_64-linux-gnu"
ignoring nonexistent directory "/usr/lib/gcc/x86_64-linux-gnu/9/include-fixed"
ignoring nonexistent directory "/usr/lib/gcc/x86_64-linux-gnu/9/../../../../x86_64-linux-gnu/include"
#include "..." search starts here:
#include <...> search starts here:
 /usr/lib/gcc/x86_64-linux-gnu/9/include
 /usr/local/include
 /usr/include/x86_64-linux-gnu
 /usr/include
End of search list.
GNU C17 (Ubuntu 9.4.0-1ubuntu1~20.04.2) version 9.4.0 (x86_64-linux-gnu)
	compiled by GNU C version 9.4.0, GMP version 6.2.0, MPFR version 4.0.2, MPC version 1.1.0, isl version isl-0.22.1-GMP

GGC heuristics: --param ggc-min-expand=100 --param ggc-min-heapsize=131072
Compiler executable checksum: 01da938ff5dc2163489aa33cb3b747a7
COLLECT_GCC_OPTIONS='-v' '-o' 'CMakeFiles/cmTC_189f0.dir/CMakeCCompilerABI.c.o' '-c' '-mtune=generic' '-march=x86-64'
 as -v --64 -o CMakeFiles/cmTC_189f0.dir/CMakeCCompilerABI.c.o /tmp/ccpp8ars.s
GNU assembler version 2.34 (x86_64-linux-gnu) using BFD version (GNU Binutils for Ubuntu) 2.34
COMPILER_PATH=/usr/lib/gcc/x86_64-linux-gnu/9/:/usr/lib/gcc/x86_64-linux-gnu/9/:/usr/lib/gcc/x86_64-linux-gnu/:/usr/lib/gcc/x86_64-linux-gnu/9/:/usr/lib/gcc/x86_64-linux-gnu/
LIBRARY_PATH=/usr/lib/gcc/x86_64-linux-gnu/9/:/usr/lib/gcc/x86_64-linux-gnu/9/../../../x86_64-linux-gnu/:/usr/lib/gcc/x86_64-linux-gnu/9/../../../../lib/:/lib/x86_64-linux-gnu/:/lib/../lib/:/usr/lib/x86_64-linux-gnu/:/usr/lib/../lib/:/usr/lib/gcc/x86_64-linux-gnu/9/../../../:/lib/:/usr/lib/
COLLECT_GCC_OPTIONS='-v' '-o' 'CMakeFiles/cmTC_189f0.dir/CMakeCCompilerABI.c.o' '-c' '-mtune=generic' '-march=x86-64'
Linking C executable cmTC_189f0
/usr/bin/cmake -E cmake_link_script CMakeFiles/cmTC_189f0.dir/link.txt --verbose=1
/usr/bin/cc     -v CMakeFiles/cmTC_189f0.dir/CMakeCCompilerABI.c.o  -o cmTC_189f0 
Using built-in specs.
COLLECT_GCC=/usr/bin/cc
COLLECT_LTO_WRAPPER=/usr/lib/gcc/x86_64-linux-gnu/9/lto-wrapper
OFFLOAD_TARGET_NAMES=nvptx-none:hsa
OFFLOAD_TARGET_DEFAULT=1
Target: x86_64-linux-gnu
Configured with: ../src/configure -v --with-pkgversion='Ubuntu 9.4.0-1ubuntu1~20.04.2' --with-bugurl=file:///usr/share/doc/gcc-9/README.Bugs --enable-languages=c,ada,c++,go,brig,d,fortran,objc,obj-c++,gm2 --prefix=/usr --with-gcc-major-version-only --program-suffix=-9 --program-prefix=x86_64-linux-gnu- --enable-shared --enable-linker-build-id --libexecdir=/usr/lib --without-included-gettext --enable-threads=posix --libdir=/usr/lib --enable-nls --enable-clocale=gnu --enable-libstdcxx-debug --enable-libstdcxx-time=yes --with-default-libstdcxx-abi=new --enable-gnu-unique-object --disable-vtable-verify --enable-plugin --enable-default-pie --with-system-zlib --with-target-system-zlib=auto --enable-objc-gc=auto --enable-multiarch --disable-werror --with-arch-32=i686 --with-abi=m64 --with-multilib-list=m32,m64,mx32 --enable-multilib --with-tune=generic --enable-offload-targets=nvptx-none=/build/gcc-9-9QDOt0/gcc-9-9.4.0/debian/tmp-nvptx/usr,hsa --without-cuda-driver --enable-checking=release --build=x86_64-linux-gnu --host=x86_64-linux-gnu --target=x86_64-linux-gnu
Thread model: posix
gcc version 9.4.0 (Ubuntu 9.4.0-1ubuntu1~20.04.2) 
COMPILER_PATH=/usr/lib/gcc/x86_64-linux-gnu/9/:/usr/lib/gcc/x86_64-linux-gnu/9/:/usr/lib/gcc/x86_64-linux-gnu/:/usr/lib/gcc/x86_64-linux-gnu/9/:/usr/lib/gcc/x86_64-linux-gnu/
LIBRARY_PATH=/usr/lib/gcc/x86_64-linux-gnu/9/:/usr/lib/gcc/x86_64-linux-gnu/9/../../../x86_64-linux-gnu/:/usr/lib/gcc/x86_64-linux-gnu/9/../../../../lib/:/lib/x86_64-linux-gnu/:/lib/../lib/:/usr/lib/x86_64-linux-gnu/:/usr/lib/../lib/:/usr/lib/gcc/x86_64-linux-gnu/9/../../../:/lib/:/usr/lib/
COLLECT_GCC_OPTIONS='-v' '-o' 'cmTC_189f0' '-mtune=generic' '-march=x86-64'
 /usr/lib/gcc/x86_64-linux-gnu/9/collect2 -plugin /usr/lib/gcc/x86_64-linux-gnu/9/liblto_plugin.so -plugin-opt=/usr/lib/gcc/x86_64-linux-gnu/9/lto-wrapper -plugin-opt=-fresolution=/tmp/ccQ5TpjT.res -plugin-opt=-pass-through=-lgcc -plugin-opt=-pass-through=-lgcc_s -plugin-opt=-pass-through=-lc -plugin-opt=-pass-through=-lgcc -plugin-opt=-pass-through=-lgcc_s --build-id --eh-frame-hdr -m elf_x86_64 --hash-style=gnu --as-needed -dynamic-linker /lib64/ld-linux-x86-64.so.2 -pie -z now -z relro -o cmTC_189f0 /usr/lib/gcc/x86_64-linux-gnu/9/../../../x86_64-linux-gnu/Scrt1.o /usr/lib/gcc/x86_64-linux-gnu/9/../../../x86_64-linux-gnu/crti.o /usr/lib/gcc/x86_64-linux-gnu/9/crtbeginS.o -L/usr/lib/gcc/x86_64-linux-gnu/9 -L/usr/lib/gcc/x86_64-linux-gnu/9/../../../x86_64-linux-gnu -L/usr/lib/gcc/x86_64-linux-gnu/9/../../../../lib -L/lib/x86_64-linux-gnu -L/lib/../lib -L/usr/lib/x86_64-linux-gnu -L/usr/lib/../lib -L/usr/lib/gcc/x86_64-linux-gnu/9/../../.. CMakeFiles/cmTC_189f0.dir/CMakeCCompilerABI.c.o -lgcc --push-state --as-needed -lgcc_s --pop-state -lc -lgcc --push-state --as-needed -lgcc_s --pop-state /usr/lib/gcc/x86_64-linux-gnu/9/crtendS.o /usr/lib/gcc/x86_64-linux-gnu/9/../../../x86_64-linux-gnu/crtn.o
COLLECT_GCC_OPTIONS='-v' '-o' 'cmTC_189f0' '-mtune=generic' '-march=x86-64'
make[1]: Leaving directory '/home/lb831/SCONE/Build/CMakeFiles/CMakeTmp'



Parsed C implicit include dir info from above output: rv=done
  found start of include info
  found start of implicit include info
    add: [/usr/lib/gcc/x86_64-linux-gnu/9/include]
    add: [/usr/local/include]
    add: [/usr/include/x86_64-linux-gnu]
    add: [/usr/include]
  end of search list found
  collapse include dir [/usr/lib/gcc/x86_64-linux-gnu/9/include] ==> [/usr/lib/gcc/x86_64-linux-gnu/9/include]
  collapse include dir [/usr/local/include] ==> [/usr/local/include]
  collapse include dir [/usr/include/x86_64-linux-gnu] ==> [/usr/include/x86_64-linux-gnu]
  collapse include dir [/usr/include] ==> [/usr/include]
  implicit include dirs: [/usr/lib/gcc/x86_64-linux-gnu/9/include;/usr/local/include;/usr/include/x86_64-linux-gnu;/usr/include]


Parsed C implicit link information from above output:
  link line regex: [^( *|.*[/\])(ld|CMAKE_LINK_STARTFILE-NOTFOUND|([^/\]+-)?ld|collect2)[^/\]*( |$)]
  ignore line: [Change Dir: /home/lb831/SCONE/Build/CMakeFiles/CMakeTmp]
  ignore line: []
  ignore line: [Run Build Command(s):/usr/bin/make cmTC_189f0/fast && /usr/bin/make -f CMakeFiles/cmTC_189f0.dir/build.make CMakeFiles/cmTC_189f0.dir/build]
  ignore line: [make[1]: Entering directory '/home/lb831/SCONE/Build/CMakeFiles/CMakeTmp']
  ignore line: [Building C object CMakeFiles/cmTC_189f0.dir/CMakeCCompilerABI.c.o]
  ignore line: [/usr/bin/cc   -v -o CMakeFiles/cmTC_189f0.dir/CMakeCCompilerABI.c.o   -c /usr/share/cmake-3.16/Modules/CMakeCCompilerABI.c]
  ignore line: [Using built-in specs.]
  ignore line: [COLLECT_GCC=/usr/bin/cc]
  ignore line: [OFFLOAD_TARGET_NAMES=nvptx-none:hsa]
  ignore line: [OFFLOAD_TARGET_DEFAULT=1]
  ignore line: [Target: x86_64-linux-gnu]
  ignore line: [Configured with: ../src/configure -v --with-pkgversion='Ubuntu 9.4.0-1ubuntu1~20.04.2' --with-bugurl=file:///usr/share/doc/gcc-9/README.Bugs --enable-languages=c ada c++ go brig d fortran objc obj-c++ gm2 --prefix=/usr --with-gcc-major-version-only --program-suffix=-9 --program-prefix=x86_64-linux-gnu- --enable-shared --enable-linker-build-id --libexecdir=/usr/lib --without-included-gettext --enable-threads=posix --libdir=/usr/lib --enable-nls --enable-clocale=gnu --enable-libstdcxx-debug --enable-libstdcxx-time=yes --with-default-libstdcxx-abi=new --enable-gnu-unique-object --disable-vtable-verify --enable-plugin --enable-default-pie --with-system-zlib --with-target-system-zlib=auto --enable-objc-gc=auto --enable-multiarch --disable-werror --with-arch-32=i686 --with-abi=m64 --with-multilib-list=m32 m64 mx32 --enable-multilib --with-tune=generic --enable-offload-targets=nvptx-none=/build/gcc-9-9QDOt0/gcc-9-9.4.0/debian/tmp-nvptx/usr hsa --without-cuda-driver --enable-checking=release --build=x86_64-linux-gnu --host=x86_64-linux-gnu --target=x86_64-linux-gnu]
  ignore line: [Thread model: posix]
  ignore line: [gcc version 9.4.0 (Ubuntu 9.4.0-1ubuntu1~20.04.2) ]
  ignore line: [COLLECT_GCC_OPTIONS='-v' '-o' 'CMakeFiles/cmTC_189f0.dir/CMakeCCompilerABI.c.o' '-c' '-mtune=generic' '-march=x86-64']
  ignore line: [ /usr/lib/gcc/x86_64-linux-gnu/9/cc1 -quiet -v -imultiarch x86_64-linux-gnu /usr/share/cmake-3.16/Modules/CMakeCCompilerABI.c -quiet -dumpbase CMakeCCompilerABI.c -mtune=generic -march=x86-64 -auxbase-strip CMakeFiles/cmTC_189f0.dir/CMakeCCompilerABI.c.o -version -fasynchronous-unwind-tables -fstack-protector-strong -Wformat -Wformat-security -fstack-clash-protection -fcf-protection -o /tmp/ccpp8ars.s]
  ignore line: [GNU C17 (Ubuntu 9.4.0-1ubuntu1~20.04.2) version 9.4.0 (x86_64-linux-gnu)]
  ignore line: [	compiled by GNU C version 9.4.0  GMP version 6.2.0  MPFR version 4.0.2  MPC version 1.1.0  isl version isl-0.22.1-GMP]
  ignore line: []
  ignore line: [GGC heuristics: --param ggc-min-expand=100 --param ggc-min-heapsize=131072]
  ignore line: [ignoring nonexistent directory "/usr/local/include/x86_64-linux-gnu"]
  ignore line: [ignoring nonexistent directory "/usr/lib/gcc/x86_64-linux-gnu/9/include-fixed"]
  ignore line: [ignoring nonexistent directory "/usr/lib/gcc/x86_64-linux-gnu/9/../../../../x86_64-linux-gnu/include"]
  ignore line: [#include "..." search starts here:]
  ignore line: [#include <...> search starts here:]
  ignore line: [ /usr/lib/gcc/x86_64-linux-gnu/9/include]
  ignore line: [ /usr/local/include]
  ignore line: [ /usr/include/x86_64-linux-gnu]
  ignore line: [ /usr/include]
  ignore line: [End of search list.]
  ignore line: [GNU C17 (Ubuntu 9.4.0-1ubuntu1~20.04.2) version 9.4.0 (x86_64-linux-gnu)]
  ignore line: [	compiled by GNU C version 9.4.0  GMP version 6.2.0  MPFR version 4.0.2  MPC version 1.1.0  isl version isl-0.22.1-GMP]
  ignore line: []
  ignore line: [GGC heuristics: --param ggc-min-expand=100 --param ggc-min-heapsize=131072]
  ignore line: [Compiler executable checksum: 01da938ff5dc2163489aa33cb3b747a7]
  ignore line: [COLLECT_GCC_OPTIONS='-v' '-o' 'CMakeFiles/cmTC_189f0.dir/CMakeCCompilerABI.c.o' '-c' '-mtune=generic' '-march=x86-64']
  ignore line: [ as -v --64 -o CMakeFiles/cmTC_189f0.dir/CMakeCCompilerABI.c.o /tmp/ccpp8ars.s]
  ignore line: [GNU assembler version 2.34 (x86_64-linux-gnu) using BFD version (GNU Binutils for Ubuntu) 2.34]
  ignore line: [COMPILER_PATH=/usr/lib/gcc/x86_64-linux-gnu/9/:/usr/lib/gcc/x86_64-linux-gnu/9/:/usr/lib/gcc/x86_64-linux-gnu/:/usr/lib/gcc/x86_64-linux-gnu/9/:/usr/lib/gcc/x86_64-linux-gnu/]
  ignore line: [LIBRARY_PATH=/usr/lib/gcc/x86_64-linux-gnu/9/:/usr/lib/gcc/x86_64-linux-gnu/9/../../../x86_64-linux-gnu/:/usr/lib/gcc/x86_64-linux-gnu/9/../../../../lib/:/lib/x86_64-linux-gnu/:/lib/../lib/:/usr/lib/x86_64-linux-gnu/:/usr/lib/../lib/:/usr/lib/gcc/x86_64-linux-gnu/9/../../../:/lib/:/usr/lib/]
  ignore line: [COLLECT_GCC_OPTIONS='-v' '-o' 'CMakeFiles/cmTC_189f0.dir/CMakeCCompilerABI.c.o' '-c' '-mtune=generic' '-march=x86-64']
  ignore line: [Linking C executable cmTC_189f0]
  ignore line: [/usr/bin/cmake -E cmake_link_script CMakeFiles/cmTC_189f0.dir/link.txt --verbose=1]
  ignore line: [/usr/bin/cc     -v CMakeFiles/cmTC_189f0.dir/CMakeCCompilerABI.c.o  -o cmTC_189f0 ]
  ignore line: [Using built-in specs.]
  ignore line: [COLLECT_GCC=/usr/bin/cc]
  ignore line: [COLLECT_LTO_WRAPPER=/usr/lib/gcc/x86_64-linux-gnu/9/lto-wrapper]
  ignore line: [OFFLOAD_TARGET_NAMES=nvptx-none:hsa]
  ignore line: [OFFLOAD_TARGET_DEFAULT=1]
  ignore line: [Target: x86_64-linux-gnu]
  ignore line: [Configured with: ../src/configure -v --with-pkgversion='Ubuntu 9.4.0-1ubuntu1~20.04.2' --with-bugurl=file:///usr/share/doc/gcc-9/README.Bugs --enable-languages=c ada c++ go brig d fortran objc obj-c++ gm2 --prefix=/usr --with-gcc-major-version-only --program-suffix=-9 --program-prefix=x86_64-linux-gnu- --enable-shared --enable-linker-build-id --libexecdir=/usr/lib --without-included-gettext --enable-threads=posix --libdir=/usr/lib --enable-nls --enable-clocale=gnu --enable-libstdcxx-debug --enable-libstdcxx-time=yes --with-default-libstdcxx-abi=new --enable-gnu-unique-object --disable-vtable-verify --enable-plugin --enable-default-pie --with-system-zlib --with-target-system-zlib=auto --enable-objc-gc=auto --enable-multiarch --disable-werror --with-arch-32=i686 --with-abi=m64 --with-multilib-list=m32 m64 mx32 --enable-multilib --with-tune=generic --enable-offload-targets=nvptx-none=/build/gcc-9-9QDOt0/gcc-9-9.4.0/debian/tmp-nvptx/usr hsa --without-cuda-driver --enable-checking=release --build=x86_64-linux-gnu --host=x86_64-linux-gnu --target=x86_64-linux-gnu]
  ignore line: [Thread model: posix]
  ignore line: [gcc version 9.4.0 (Ubuntu 9.4.0-1ubuntu1~20.04.2) ]
  ignore line: [COMPILER_PATH=/usr/lib/gcc/x86_64-linux-gnu/9/:/usr/lib/gcc/x86_64-linux-gnu/9/:/usr/lib/gcc/x86_64-linux-gnu/:/usr/lib/gcc/x86_64-linux-gnu/9/:/usr/lib/gcc/x86_64-linux-gnu/]
  ignore line: [LIBRARY_PATH=/usr/lib/gcc/x86_64-linux-gnu/9/:/usr/lib/gcc/x86_64-linux-gnu/9/../../../x86_64-linux-gnu/:/usr/lib/gcc/x86_64-linux-gnu/9/../../../../lib/:/lib/x86_64-linux-gnu/:/lib/../lib/:/usr/lib/x86_64-linux-gnu/:/usr/lib/../lib/:/usr/lib/gcc/x86_64-linux-gnu/9/../../../:/lib/:/usr/lib/]
  ignore line: [COLLECT_GCC_OPTIONS='-v' '-o' 'cmTC_189f0' '-mtune=generic' '-march=x86-64']
  link line: [ /usr/lib/gcc/x86_64-linux-gnu/9/collect2 -plugin /usr/lib/gcc/x86_64-linux-gnu/9/liblto_plugin.so -plugin-opt=/usr/lib/gcc/x86_64-linux-gnu/9/lto-wrapper -plugin-opt=-fresolution=/tmp/ccQ5TpjT.res -plugin-opt=-pass-through=-lgcc -plugin-opt=-pass-through=-lgcc_s -plugin-opt=-pass-through=-lc -plugin-opt=-pass-through=-lgcc -plugin-opt=-pass-through=-lgcc_s --build-id --eh-frame-hdr -m elf_x86_64 --hash-style=gnu --as-needed -dynamic-linker /lib64/ld-linux-x86-64.so.2 -pie -z now -z relro -o cmTC_189f0 /usr/lib/gcc/x86_64-linux-gnu/9/../../../x86_64-linux-gnu/Scrt1.o /usr/lib/gcc/x86_64-linux-gnu/9/../../../x86_64-linux-gnu/crti.o /usr/lib/gcc/x86_64-linux-gnu/9/crtbeginS.o -L/usr/lib/gcc/x86_64-linux-gnu/9 -L/usr/lib/gcc/x86_64-linux-gnu/9/../../../x86_64-linux-gnu -L/usr/lib/gcc/x86_64-linux-gnu/9/../../../../lib -L/lib/x86_64-linux-gnu -L/lib/../lib -L/usr/lib/x86_64-linux-gnu -L/usr/lib/../lib -L/usr/lib/gcc/x86_64-linux-gnu/9/../../.. CMakeFiles/cmTC_189f0.dir/CMakeCCompilerABI.c.o -lgcc --push-state --as-needed -lgcc_s --pop-state -lc -lgcc --push-state --as-needed -lgcc_s --pop-state /usr/lib/gcc/x86_64-linux-gnu/9/crtendS.o /usr/lib/gcc/x86_64-linux-gnu/9/../../../x86_64-linux-gnu/crtn.o]
    arg [/usr/lib/gcc/x86_64-linux-gnu/9/collect2] ==> ignore
    arg [-plugin] ==> ignore
    arg [/usr/lib/gcc/x86_64-linux-gnu/9/liblto_plugin.so] ==> ignore
    arg [-plugin-opt=/usr/lib/gcc/x86_64-linux-gnu/9/lto-wrapper] ==> ignore
    arg [-plugin-opt=-fresolution=/tmp/ccQ5TpjT.res] ==> ignore
    arg [-plugin-opt=-pass-through=-lgcc] ==> ignore
    arg [-plugin-opt=-pass-through=-lgcc_s] ==> ignore
    arg [-plugin-opt=-pass-through=-lc] ==> ignore
    arg [-plugin-opt=-pass-through=-lgcc] ==> ignore
    arg [-plugin-opt=-pass-through=-lgcc_s] ==> ignore
    arg [--build-id] ==> ignore
    arg [--eh-frame-hdr] ==> ignore
    arg [-m] ==> ignore
    arg [elf_x86_64] ==> ignore
    arg [--hash-style=gnu] ==> ignore
    arg [--as-needed] ==> ignore
    arg [-dynamic-linker] ==> ignore
    arg [/lib64/ld-linux-x86-64.so.2] ==> ignore
    arg [-pie] ==> ignore
    arg [-znow] ==> ignore
    arg [-zrelro] ==> ignore
    arg [-o] ==> ignore
    arg [cmTC_189f0] ==> ignore
    arg [/usr/lib/gcc/x86_64-linux-gnu/9/../../../x86_64-linux-gnu/Scrt1.o] ==> ignore
    arg [/usr/lib/gcc/x86_64-linux-gnu/9/../../../x86_64-linux-gnu/crti.o] ==> ignore
    arg [/usr/lib/gcc/x86_64-linux-gnu/9/crtbeginS.o] ==> ignore
    arg [-L/usr/lib/gcc/x86_64-linux-gnu/9] ==> dir [/usr/lib/gcc/x86_64-linux-gnu/9]
    arg [-L/usr/lib/gcc/x86_64-linux-gnu/9/../../../x86_64-linux-gnu] ==> dir [/usr/lib/gcc/x86_64-linux-gnu/9/../../../x86_64-linux-gnu]
    arg [-L/usr/lib/gcc/x86_64-linux-gnu/9/../../../../lib] ==> dir [/usr/lib/gcc/x86_64-linux-gnu/9/../../../../lib]
    arg [-L/lib/x86_64-linux-gnu] ==> dir [/lib/x86_64-linux-gnu]
    arg [-L/lib/../lib] ==> dir [/lib/../lib]
    arg [-L/usr/lib/x86_64-linux-gnu] ==> dir [/usr/lib/x86_64-linux-gnu]
    arg [-L/usr/lib/../lib] ==> dir [/usr/lib/../lib]
    arg [-L/usr/lib/gcc/x86_64-linux-gnu/9/../../..] ==> dir [/usr/lib/gcc/x86_64-linux-gnu/9/../../..]
    arg [CMakeFiles/cmTC_189f0.dir/CMakeCCompilerABI.c.o] ==> ignore
    arg [-lgcc] ==> lib [gcc]
    arg [--push-state] ==> ignore
    arg [--as-needed] ==> ignore
    arg [-lgcc_s] ==> lib [gcc_s]
    arg [--pop-state] ==> ignore
    arg [-lc] ==> lib [c]
    arg [-lgcc] ==> lib [gcc]
    arg [--push-state] ==> ignore
    arg [--as-needed] ==> ignore
    arg [-lgcc_s] ==> lib [gcc_s]
    arg [--pop-state] ==> ignore
    arg [/usr/lib/gcc/x86_64-linux-gnu/9/crtendS.o] ==> ignore
    arg [/usr/lib/gcc/x86_64-linux-gnu/9/../../../x86_64-linux-gnu/crtn.o] ==> ignore
  collapse library dir [/usr/lib/gcc/x86_64-linux-gnu/9] ==> [/usr/lib/gcc/x86_64-linux-gnu/9]
  collapse library dir [/usr/lib/gcc/x86_64-linux-gnu/9/../../../x86_64-linux-gnu] ==> [/usr/lib/x86_64-linux-gnu]
  collapse library dir [/usr/lib/gcc/x86_64-linux-gnu/9/../../../../lib] ==> [/usr/lib]
  collapse library dir [/lib/x86_64-linux-gnu] ==> [/lib/x86_64-linux-gnu]
  collapse library dir [/lib/../lib] ==> [/lib]
  collapse library dir [/usr/lib/x86_64-linux-gnu] ==> [/usr/lib/x86_64-linux-gnu]
  collapse library dir [/usr/lib/../lib] ==> [/usr/lib]
  collapse library dir [/usr/lib/gcc/x86_64-linux-gnu/9/../../..] ==> [/usr/lib]
  implicit libs: [gcc;gcc_s;c;gcc;gcc_s]
  implicit dirs: [/usr/lib/gcc/x86_64-linux-gnu/9;/usr/lib/x86_64-linux-gnu;/usr/lib;/lib/x86_64-linux-gnu;/lib]
  implicit fwks: []


Determining if the CXX compiler works passed with the following output:
Change Dir: /home/lb831/SCONE/Build/CMakeFiles/CMakeTmp

Run Build Command(s):/usr/bin/make cmTC_0b4ec/fast && /usr/bin/make -f CMakeFiles/cmTC_0b4ec.dir/build.make CMakeFiles/cmTC_0b4ec.dir/build
make[1]: Entering directory '/home/lb831/SCONE/Build/CMakeFiles/CMakeTmp'
Building CXX object CMakeFiles/cmTC_0b4ec.dir/testCXXCompiler.cxx.o
/usr/bin/c++     -o CMakeFiles/cmTC_0b4ec.dir/testCXXCompiler.cxx.o -c /home/lb831/SCONE/Build/CMakeFiles/CMakeTmp/testCXXCompiler.cxx
Linking CXX executable cmTC_0b4ec
/usr/bin/cmake -E cmake_link_script CMakeFiles/cmTC_0b4ec.dir/link.txt --verbose=1
/usr/bin/c++       CMakeFiles/cmTC_0b4ec.dir/testCXXCompiler.cxx.o  -o cmTC_0b4ec 
make[1]: Leaving directory '/home/lb831/SCONE/Build/CMakeFiles/CMakeTmp'



Detecting CXX compiler ABI info compiled with the following output:
Change Dir: /home/lb831/SCONE/Build/CMakeFiles/CMakeTmp

Run Build Command(s):/usr/bin/make cmTC_4c45f/fast && /usr/bin/make -f CMakeFiles/cmTC_4c45f.dir/build.make CMakeFiles/cmTC_4c45f.dir/build
make[1]: Entering directory '/home/lb831/SCONE/Build/CMakeFiles/CMakeTmp'
Building CXX object CMakeFiles/cmTC_4c45f.dir/CMakeCXXCompilerABI.cpp.o
/usr/bin/c++    -v -o CMakeFiles/cmTC_4c45f.dir/CMakeCXXCompilerABI.cpp.o -c /usr/share/cmake-3.16/Modules/CMakeCXXCompilerABI.cpp
Using built-in specs.
COLLECT_GCC=/usr/bin/c++
OFFLOAD_TARGET_NAMES=nvptx-none:hsa
OFFLOAD_TARGET_DEFAULT=1
Target: x86_64-linux-gnu
Configured with: ../src/configure -v --with-pkgversion='Ubuntu 9.4.0-1ubuntu1~20.04.2' --with-bugurl=file:///usr/share/doc/gcc-9/README.Bugs --enable-languages=c,ada,c++,go,brig,d,fortran,objc,obj-c++,gm2 --prefix=/usr --with-gcc-major-version-only --program-suffix=-9 --program-prefix=x86_64-linux-gnu- --enable-shared --enable-linker-build-id --libexecdir=/usr/lib --without-included-gettext --enable-threads=posix --libdir=/usr/lib --enable-nls --enable-clocale=gnu --enable-libstdcxx-debug --enable-libstdcxx-time=yes --with-default-libstdcxx-abi=new --enable-gnu-unique-object --disable-vtable-verify --enable-plugin --enable-default-pie --with-system-zlib --with-target-system-zlib=auto --enable-objc-gc=auto --enable-multiarch --disable-werror --with-arch-32=i686 --with-abi=m64 --with-multilib-list=m32,m64,mx32 --enable-multilib --with-tune=generic --enable-offload-targets=nvptx-none=/build/gcc-9-9QDOt0/gcc-9-9.4.0/debian/tmp-nvptx/usr,hsa --without-cuda-driver --enable-checking=release --build=x86_64-linux-gnu --host=x86_64-linux-gnu --target=x86_64-linux-gnu
Thread model: posix
gcc version 9.4.0 (Ubuntu 9.4.0-1ubuntu1~20.04.2) 
COLLECT_GCC_OPTIONS='-v' '-o' 'CMakeFiles/cmTC_4c45f.dir/CMakeCXXCompilerABI.cpp.o' '-c' '-shared-libgcc' '-mtune=generic' '-march=x86-64'
 /usr/lib/gcc/x86_64-linux-gnu/9/cc1plus -quiet -v -imultiarch x86_64-linux-gnu -D_GNU_SOURCE /usr/share/cmake-3.16/Modules/CMakeCXXCompilerABI.cpp -quiet -dumpbase CMakeCXXCompilerABI.cpp -mtune=generic -march=x86-64 -auxbase-strip CMakeFiles/cmTC_4c45f.dir/CMakeCXXCompilerABI.cpp.o -version -fasynchronous-unwind-tables -fstack-protector-strong -Wformat -Wformat-security -fstack-clash-protection -fcf-protection -o /tmp/ccdZxN4r.s
GNU C++14 (Ubuntu 9.4.0-1ubuntu1~20.04.2) version 9.4.0 (x86_64-linux-gnu)
	compiled by GNU C version 9.4.0, GMP version 6.2.0, MPFR version 4.0.2, MPC version 1.1.0, isl version isl-0.22.1-GMP

GGC heuristics: --param ggc-min-expand=100 --param ggc-min-heapsize=131072
ignoring duplicate directory "/usr/include/x86_64-linux-gnu/c++/9"
ignoring nonexistent directory "/usr/local/include/x86_64-linux-gnu"
ignoring nonexistent directory "/usr/lib/gcc/x86_64-linux-gnu/9/include-fixed"
ignoring nonexistent directory "/usr/lib/gcc/x86_64-linux-gnu/9/../../../../x86_64-linux-gnu/include"
#include "..." search starts here:
#include <...> search starts here:
 /usr/include/c++/9
 /usr/include/x86_64-linux-gnu/c++/9
 /usr/include/c++/9/backward
 /usr/lib/gcc/x86_64-linux-gnu/9/include
 /usr/local/include
 /usr/include/x86_64-linux-gnu
 /usr/include
End of search list.
GNU C++14 (Ubuntu 9.4.0-1ubuntu1~20.04.2) version 9.4.0 (x86_64-linux-gnu)
	compiled by GNU C version 9.4.0, GMP version 6.2.0, MPFR version 4.0.2, MPC version 1.1.0, isl version isl-0.22.1-GMP

GGC heuristics: --param ggc-min-expand=100 --param ggc-min-heapsize=131072
Compiler executable checksum: 3d1eba838554fa2348dba760e4770469
COLLECT_GCC_OPTIONS='-v' '-o' 'CMakeFiles/cmTC_4c45f.dir/CMakeCXXCompilerABI.cpp.o' '-c' '-shared-libgcc' '-mtune=generic' '-march=x86-64'
 as -v --64 -o CMakeFiles/cmTC_4c45f.dir/CMakeCXXCompilerABI.cpp.o /tmp/ccdZxN4r.s
GNU assembler version 2.34 (x86_64-linux-gnu) using BFD version (GNU Binutils for Ubuntu) 2.34
COMPILER_PATH=/usr/lib/gcc/x86_64-linux-gnu/9/:/usr/lib/gcc/x86_64-linux-gnu/9/:/usr/lib/gcc/x86_64-linux-gnu/:/usr/lib/gcc/x86_64-linux-gnu/9/:/usr/lib/gcc/x86_64-linux-gnu/
LIBRARY_PATH=/usr/lib/gcc/x86_64-linux-gnu/9/:/usr/lib/gcc/x86_64-linux-gnu/9/../../../x86_64-linux-gnu/:/usr/lib/gcc/x86_64-linux-gnu/9/../../../../lib/:/lib/x86_64-linux-gnu/:/lib/../lib/:/usr/lib/x86_64-linux-gnu/:/usr/lib/../lib/:/usr/lib/gcc/x86_64-linux-gnu/9/../../../:/lib/:/usr/lib/
COLLECT_GCC_OPTIONS='-v' '-o' 'CMakeFiles/cmTC_4c45f.dir/CMakeCXXCompilerABI.cpp.o' '-c' '-shared-libgcc' '-mtune=generic' '-march=x86-64'
Linking CXX executable cmTC_4c45f
/usr/bin/cmake -E cmake_link_script CMakeFiles/cmTC_4c45f.dir/link.txt --verbose=1
/usr/bin/c++      -v CMakeFiles/cmTC_4c45f.dir/CMakeCXXCompilerABI.cpp.o  -o cmTC_4c45f 
Using built-in specs.
COLLECT_GCC=/usr/bin/c++
COLLECT_LTO_WRAPPER=/usr/lib/gcc/x86_64-linux-gnu/9/lto-wrapper
OFFLOAD_TARGET_NAMES=nvptx-none:hsa
OFFLOAD_TARGET_DEFAULT=1
Target: x86_64-linux-gnu
Configured with: ../src/configure -v --with-pkgversion='Ubuntu 9.4.0-1ubuntu1~20.04.2' --with-bugurl=file:///usr/share/doc/gcc-9/README.Bugs --enable-languages=c,ada,c++,go,brig,d,fortran,objc,obj-c++,gm2 --prefix=/usr --with-gcc-major-version-only --program-suffix=-9 --program-prefix=x86_64-linux-gnu- --enable-shared --enable-linker-build-id --libexecdir=/usr/lib --without-included-gettext --enable-threads=posix --libdir=/usr/lib --enable-nls --enable-clocale=gnu --enable-libstdcxx-debug --enable-libstdcxx-time=yes --with-default-libstdcxx-abi=new --enable-gnu-unique-object --disable-vtable-verify --enable-plugin --enable-default-pie --with-system-zlib --with-target-system-zlib=auto --enable-objc-gc=auto --enable-multiarch --disable-werror --with-arch-32=i686 --with-abi=m64 --with-multilib-list=m32,m64,mx32 --enable-multilib --with-tune=generic --enable-offload-targets=nvptx-none=/build/gcc-9-9QDOt0/gcc-9-9.4.0/debian/tmp-nvptx/usr,hsa --without-cuda-driver --enable-checking=release --build=x86_64-linux-gnu --host=x86_64-linux-gnu --target=x86_64-linux-gnu
Thread model: posix
gcc version 9.4.0 (Ubuntu 9.4.0-1ubuntu1~20.04.2) 
COMPILER_PATH=/usr/lib/gcc/x86_64-linux-gnu/9/:/usr/lib/gcc/x86_64-linux-gnu/9/:/usr/lib/gcc/x86_64-linux-gnu/:/usr/lib/gcc/x86_64-linux-gnu/9/:/usr/lib/gcc/x86_64-linux-gnu/
LIBRARY_PATH=/usr/lib/gcc/x86_64-linux-gnu/9/:/usr/lib/gcc/x86_64-linux-gnu/9/../../../x86_64-linux-gnu/:/usr/lib/gcc/x86_64-linux-gnu/9/../../../../lib/:/lib/x86_64-linux-gnu/:/lib/../lib/:/usr/lib/x86_64-linux-gnu/:/usr/lib/../lib/:/usr/lib/gcc/x86_64-linux-gnu/9/../../../:/lib/:/usr/lib/
COLLECT_GCC_OPTIONS='-v' '-o' 'cmTC_4c45f' '-shared-libgcc' '-mtune=generic' '-march=x86-64'
 /usr/lib/gcc/x86_64-linux-gnu/9/collect2 -plugin /usr/lib/gcc/x86_64-linux-gnu/9/liblto_plugin.so -plugin-opt=/usr/lib/gcc/x86_64-linux-gnu/9/lto-wrapper -plugin-opt=-fresolution=/tmp/cc0Aa3RS.res -plugin-opt=-pass-through=-lgcc_s -plugin-opt=-pass-through=-lgcc -plugin-opt=-pass-through=-lc -plugin-opt=-pass-through=-lgcc_s -plugin-opt=-pass-through=-lgcc --build-id --eh-frame-hdr -m elf_x86_64 --hash-style=gnu --as-needed -dynamic-linker /lib64/ld-linux-x86-64.so.2 -pie -z now -z relro -o cmTC_4c45f /usr/lib/gcc/x86_64-linux-gnu/9/../../../x86_64-linux-gnu/Scrt1.o /usr/lib/gcc/x86_64-linux-gnu/9/../../../x86_64-linux-gnu/crti.o /usr/lib/gcc/x86_64-linux-gnu/9/crtbeginS.o -L/usr/lib/gcc/x86_64-linux-gnu/9 -L/usr/lib/gcc/x86_64-linux-gnu/9/../../../x86_64-linux-gnu -L/usr/lib/gcc/x86_64-linux-gnu/9/../../../../lib -L/lib/x86_64-linux-gnu -L/lib/../lib -L/usr/lib/x86_64-linux-gnu -L/usr/lib/../lib -L/usr/lib/gcc/x86_64-linux-gnu/9/../../.. CMakeFiles/cmTC_4c45f.dir/CMakeCXXCompilerABI.cpp.o -lstdc++ -lm -lgcc_s -lgcc -lc -lgcc_s -lgcc /usr/lib/gcc/x86_64-linux-gnu/9/crtendS.o /usr/lib/gcc/x86_64-linux-gnu/9/../../../x86_64-linux-gnu/crtn.o
COLLECT_GCC_OPTIONS='-v' '-o' 'cmTC_4c45f' '-shared-libgcc' '-mtune=generic' '-march=x86-64'
make[1]: Leaving directory '/home/lb831/SCONE/Build/CMakeFiles/CMakeTmp'



Parsed CXX implicit include dir info from above output: rv=done
  found start of include info
  found start of implicit include info
    add: [/usr/include/c++/9]
    add: [/usr/include/x86_64-linux-gnu/c++/9]
    add: [/usr/include/c++/9/backward]
    add: [/usr/lib/gcc/x86_64-linux-gnu/9/include]
    add: [/usr/local/include]
    add: [/usr/include/x86_64-linux-gnu]
    add: [/usr/include]
  end of search list found
  collapse include dir [/usr/include/c++/9] ==> [/usr/include/c++/9]
  collapse include dir [/usr/include/x86_64-linux-gnu/c++/9] ==> [/usr/include/x86_64-linux-gnu/c++/9]
  collapse include dir [/usr/include/c++/9/backward] ==> [/usr/include/c++/9/backward]
  collapse include dir [/usr/lib/gcc/x86_64-linux-gnu/9/include] ==> [/usr/lib/gcc/x86_64-linux-gnu/9/include]
  collapse include dir [/usr/local/include] ==> [/usr/local/include]
  collapse include dir [/usr/include/x86_64-linux-gnu] ==> [/usr/include/x86_64-linux-gnu]
  collapse include dir [/usr/include] ==> [/usr/include]
  implicit include dirs: [/usr/include/c++/9;/usr/include/x86_64-linux-gnu/c++/9;/usr/include/c++/9/backward;/usr/lib/gcc/x86_64-linux-gnu/9/include;/usr/local/include;/usr/include/x86_64-linux-gnu;/usr/include]


Parsed CXX implicit link information from above output:
  link line regex: [^( *|.*[/\])(ld|CMAKE_LINK_STARTFILE-NOTFOUND|([^/\]+-)?ld|collect2)[^/\]*( |$)]
  ignore line: [Change Dir: /home/lb831/SCONE/Build/CMakeFiles/CMakeTmp]
  ignore line: []
  ignore line: [Run Build Command(s):/usr/bin/make cmTC_4c45f/fast && /usr/bin/make -f CMakeFiles/cmTC_4c45f.dir/build.make CMakeFiles/cmTC_4c45f.dir/build]
  ignore line: [make[1]: Entering directory '/home/lb831/SCONE/Build/CMakeFiles/CMakeTmp']
  ignore line: [Building CXX object CMakeFiles/cmTC_4c45f.dir/CMakeCXXCompilerABI.cpp.o]
  ignore line: [/usr/bin/c++    -v -o CMakeFiles/cmTC_4c45f.dir/CMakeCXXCompilerABI.cpp.o -c /usr/share/cmake-3.16/Modules/CMakeCXXCompilerABI.cpp]
  ignore line: [Using built-in specs.]
  ignore line: [COLLECT_GCC=/usr/bin/c++]
  ignore line: [OFFLOAD_TARGET_NAMES=nvptx-none:hsa]
  ignore line: [OFFLOAD_TARGET_DEFAULT=1]
  ignore line: [Target: x86_64-linux-gnu]
  ignore line: [Configured with: ../src/configure -v --with-pkgversion='Ubuntu 9.4.0-1ubuntu1~20.04.2' --with-bugurl=file:///usr/share/doc/gcc-9/README.Bugs --enable-languages=c ada c++ go brig d fortran objc obj-c++ gm2 --prefix=/usr --with-gcc-major-version-only --program-suffix=-9 --program-prefix=x86_64-linux-gnu- --enable-shared --enable-linker-build-id --libexecdir=/usr/lib --without-included-gettext --enable-threads=posix --libdir=/usr/lib --enable-nls --enable-clocale=gnu --enable-libstdcxx-debug --enable-libstdcxx-time=yes --with-default-libstdcxx-abi=new --enable-gnu-unique-object --disable-vtable-verify --enable-plugin --enable-default-pie --with-system-zlib --with-target-system-zlib=auto --enable-objc-gc=auto --enable-multiarch --disable-werror --with-arch-32=i686 --with-abi=m64 --with-multilib-list=m32 m64 mx32 --enable-multilib --with-tune=generic --enable-offload-targets=nvptx-none=/build/gcc-9-9QDOt0/gcc-9-9.4.0/debian/tmp-nvptx/usr hsa --without-cuda-driver --enable-checking=release --build=x86_64-linux-gnu --host=x86_64-linux-gnu --target=x86_64-linux-gnu]
  ignore line: [Thread model: posix]
  ignore line: [gcc version 9.4.0 (Ubuntu 9.4.0-1ubuntu1~20.04.2) ]
  ignore line: [COLLECT_GCC_OPTIONS='-v' '-o' 'CMakeFiles/cmTC_4c45f.dir/CMakeCXXCompilerABI.cpp.o' '-c' '-shared-libgcc' '-mtune=generic' '-march=x86-64']
  ignore line: [ /usr/lib/gcc/x86_64-linux-gnu/9/cc1plus -quiet -v -imultiarch x86_64-linux-gnu -D_GNU_SOURCE /usr/share/cmake-3.16/Modules/CMakeCXXCompilerABI.cpp -quiet -dumpbase CMakeCXXCompilerABI.cpp -mtune=generic -march=x86-64 -auxbase-strip CMakeFiles/cmTC_4c45f.dir/CMakeCXXCompilerABI.cpp.o -version -fasynchronous-unwind-tables -fstack-protector-strong -Wformat -Wformat-security -fstack-clash-protection -fcf-protection -o /tmp/ccdZxN4r.s]
  ignore line: [GNU C++14 (Ubuntu 9.4.0-1ubuntu1~20.04.2) version 9.4.0 (x86_64-linux-gnu)]
  ignore line: [	compiled by GNU C version 9.4.0  GMP version 6.2.0  MPFR version 4.0.2  MPC version 1.1.0  isl version isl-0.22.1-GMP]
  ignore line: []
  ignore line: [GGC heuristics: --param ggc-min-expand=100 --param ggc-min-heapsize=131072]
  ignore line: [ignoring duplicate directory "/usr/include/x86_64-linux-gnu/c++/9"]
  ignore line: [ignoring nonexistent directory "/usr/local/include/x86_64-linux-gnu"]
  ignore line: [ignoring nonexistent directory "/usr/lib/gcc/x86_64-linux-gnu/9/include-fixed"]
  ignore line: [ignoring nonexistent directory "/usr/lib/gcc/x86_64-linux-gnu/9/../../../../x86_64-linux-gnu/include"]
  ignore line: [#include "..." search starts here:]
  ignore line: [#include <...> search starts here:]
  ignore line: [ /usr/include/c++/9]
  ignore line: [ /usr/include/x86_64-linux-gnu/c++/9]
  ignore line: [ /usr/include/c++/9/backward]
  ignore line: [ /usr/lib/gcc/x86_64-linux-gnu/9/include]
  ignore line: [ /usr/local/include]
  ignore line: [ /usr/include/x86_64-linux-gnu]
  ignore line: [ /usr/include]
  ignore line: [End of search list.]
  ignore line: [GNU C++14 (Ubuntu 9.4.0-1ubuntu1~20.04.2) version 9.4.0 (x86_64-linux-gnu)]
  ignore line: [	compiled by GNU C version 9.4.0  GMP version 6.2.0  MPFR version 4.0.2  MPC version 1.1.0  isl version isl-0.22.1-GMP]
  ignore line: []
  ignore line: [GGC heuristics: --param ggc-min-expand=100 --param ggc-min-heapsize=131072]
  ignore line: [Compiler executable checksum: 3d1eba838554fa2348dba760e4770469]
  ignore line: [COLLECT_GCC_OPTIONS='-v' '-o' 'CMakeFiles/cmTC_4c45f.dir/CMakeCXXCompilerABI.cpp.o' '-c' '-shared-libgcc' '-mtune=generic' '-march=x86-64']
  ignore line: [ as -v --64 -o CMakeFiles/cmTC_4c45f.dir/CMakeCXXCompilerABI.cpp.o /tmp/ccdZxN4r.s]
  ignore line: [GNU assembler version 2.34 (x86_64-linux-gnu) using BFD version (GNU Binutils for Ubuntu) 2.34]
  ignore line: [COMPILER_PATH=/usr/lib/gcc/x86_64-linux-gnu/9/:/usr/lib/gcc/x86_64-linux-gnu/9/:/usr/lib/gcc/x86_64-linux-gnu/:/usr/lib/gcc/x86_64-linux-gnu/9/:/usr/lib/gcc/x86_64-linux-gnu/]
  ignore line: [LIBRARY_PATH=/usr/lib/gcc/x86_64-linux-gnu/9/:/usr/lib/gcc/x86_64-linux-gnu/9/../../../x86_64-linux-gnu/:/usr/lib/gcc/x86_64-linux-gnu/9/../../../../lib/:/lib/x86_64-linux-gnu/:/lib/../lib/:/usr/lib/x86_64-linux-gnu/:/usr/lib/../lib/:/usr/lib/gcc/x86_64-linux-gnu/9/../../../:/lib/:/usr/lib/]
  ignore line: [COLLECT_GCC_OPTIONS='-v' '-o' 'CMakeFiles/cmTC_4c45f.dir/CMakeCXXCompilerABI.cpp.o' '-c' '-shared-libgcc' '-mtune=generic' '-march=x86-64']
  ignore line: [Linking CXX executable cmTC_4c45f]
  ignore line: [/usr/bin/cmake -E cmake_link_script CMakeFiles/cmTC_4c45f.dir/link.txt --verbose=1]
  ignore line: [/usr/bin/c++      -v CMakeFiles/cmTC_4c45f.dir/CMakeCXXCompilerABI.cpp.o  -o cmTC_4c45f ]
  ignore line: [Using built-in specs.]
  ignore line: [COLLECT_GCC=/usr/bin/c++]
  ignore line: [COLLECT_LTO_WRAPPER=/usr/lib/gcc/x86_64-linux-gnu/9/lto-wrapper]
  ignore line: [OFFLOAD_TARGET_NAMES=nvptx-none:hsa]
  ignore line: [OFFLOAD_TARGET_DEFAULT=1]
  ignore line: [Target: x86_64-linux-gnu]
  ignore line: [Configured with: ../src/configure -v --with-pkgversion='Ubuntu 9.4.0-1ubuntu1~20.04.2' --with-bugurl=file:///usr/share/doc/gcc-9/README.Bugs --enable-languages=c ada c++ go brig d fortran objc obj-c++ gm2 --prefix=/usr --with-gcc-major-version-only --program-suffix=-9 --program-prefix=x86_64-linux-gnu- --enable-shared --enable-linker-build-id --libexecdir=/usr/lib --without-included-gettext --enable-threads=posix --libdir=/usr/lib --enable-nls --enable-clocale=gnu --enable-libstdcxx-debug --enable-libstdcxx-time=yes --with-default-libstdcxx-abi=new --enable-gnu-unique-object --disable-vtable-verify --enable-plugin --enable-default-pie --with-system-zlib --with-target-system-zlib=auto --enable-objc-gc=auto --enable-multiarch --disable-werror --with-arch-32=i686 --with-abi=m64 --with-multilib-list=m32 m64 mx32 --enable-multilib --with-tune=generic --enable-offload-targets=nvptx-none=/build/gcc-9-9QDOt0/gcc-9-9.4.0/debian/tmp-nvptx/usr hsa --without-cuda-driver --enable-checking=release --build=x86_64-linux-gnu --host=x86_64-linux-gnu --target=x86_64-linux-gnu]
  ignore line: [Thread model: posix]
  ignore line: [gcc version 9.4.0 (Ubuntu 9.4.0-1ubuntu1~20.04.2) ]
  ignore line: [COMPILER_PATH=/usr/lib/gcc/x86_64-linux-gnu/9/:/usr/lib/gcc/x86_64-linux-gnu/9/:/usr/lib/gcc/x86_64-linux-gnu/:/usr/lib/gcc/x86_64-linux-gnu/9/:/usr/lib/gcc/x86_64-linux-gnu/]
  ignore line: [LIBRARY_PATH=/usr/lib/gcc/x86_64-linux-gnu/9/:/usr/lib/gcc/x86_64-linux-gnu/9/../../../x86_64-linux-gnu/:/usr/lib/gcc/x86_64-linux-gnu/9/../../../../lib/:/lib/x86_64-linux-gnu/:/lib/../lib/:/usr/lib/x86_64-linux-gnu/:/usr/lib/../lib/:/usr/lib/gcc/x86_64-linux-gnu/9/../../../:/lib/:/usr/lib/]
  ignore line: [COLLECT_GCC_OPTIONS='-v' '-o' 'cmTC_4c45f' '-shared-libgcc' '-mtune=generic' '-march=x86-64']
  link line: [ /usr/lib/gcc/x86_64-linux-gnu/9/collect2 -plugin /usr/lib/gcc/x86_64-linux-gnu/9/liblto_plugin.so -plugin-opt=/usr/lib/gcc/x86_64-linux-gnu/9/lto-wrapper -plugin-opt=-fresolution=/tmp/cc0Aa3RS.res -plugin-opt=-pass-through=-lgcc_s -plugin-opt=-pass-through=-lgcc -plugin-opt=-pass-through=-lc -plugin-opt=-pass-through=-lgcc_s -plugin-opt=-pass-through=-lgcc --build-id --eh-frame-hdr -m elf_x86_64 --hash-style=gnu --as-needed -dynamic-linker /lib64/ld-linux-x86-64.so.2 -pie -z now -z relro -o cmTC_4c45f /usr/lib/gcc/x86_64-linux-gnu/9/../../../x86_64-linux-gnu/Scrt1.o /usr/lib/gcc/x86_64-linux-gnu/9/../../../x86_64-linux-gnu/crti.o /usr/lib/gcc/x86_64-linux-gnu/9/crtbeginS.o -L/usr/lib/gcc/x86_64-linux-gnu/9 -L/usr/lib/gcc/x86_64-linux-gnu/9/../../../x86_64-linux-gnu -L/usr/lib/gcc/x86_64-linux-gnu/9/../../../../lib -L/lib/x86_64-linux-gnu -L/lib/../lib -L/usr/lib/x86_64-linux-gnu -L/usr/lib/../lib -L/usr/lib/gcc/x86_64-linux-gnu/9/../../.. CMakeFiles/cmTC_4c45f.dir/CMakeCXXCompilerABI.cpp.o -lstdc++ -lm -lgcc_s -lgcc -lc -lgcc_s -lgcc /usr/lib/gcc/x86_64-linux-gnu/9/crtendS.o /usr/lib/gcc/x86_64-linux-gnu/9/../../../x86_64-linux-gnu/crtn.o]
    arg [/usr/lib/gcc/x86_64-linux-gnu/9/collect2] ==> ignore
    arg [-plugin] ==> ignore
    arg [/usr/lib/gcc/x86_64-linux-gnu/9/liblto_plugin.so] ==> ignore
    arg [-plugin-opt=/usr/lib/gcc/x86_64-linux-gnu/9/lto-wrapper] ==> ignore
    arg [-plugin-opt=-fresolution=/tmp/cc0Aa3RS.res] ==> ignore
    arg [-plugin-opt=-pass-through=-lgcc_s] ==> ignore
    arg [-plugin-opt=-pass-through=-lgcc] ==> ignore
    arg [-plugin-opt=-pass-through=-lc] ==> ignore
    arg [-plugin-opt=-pass-through=-lgcc_s] ==> ignore
    arg [-plugin-opt=-pass-through=-lgcc] ==> ignore
    arg [--build-id] ==> ignore
    arg [--eh-frame-hdr] ==> ignore
    arg [-m] ==> ignore
    arg [elf_x86_64] ==> ignore
    arg [--hash-style=gnu] ==> ignore
    arg [--as-needed] ==> ignore
    arg [-dynamic-linker] ==> ignore
    arg [/lib64/ld-linux-x86-64.so.2] ==> ignore
    arg [-pie] ==> ignore
    arg [-znow] ==> ignore
    arg [-zrelro] ==> ignore
    arg [-o] ==> ignore
    arg [cmTC_4c45f] ==> ignore
    arg [/usr/lib/gcc/x86_64-linux-gnu/9/../../../x86_64-linux-gnu/Scrt1.o] ==> ignore
    arg [/usr/lib/gcc/x86_64-linux-gnu/9/../../../x86_64-linux-gnu/crti.o] ==> ignore
    arg [/usr/lib/gcc/x86_64-linux-gnu/9/crtbeginS.o] ==> ignore
    arg [-L/usr/lib/gcc/x86_64-linux-gnu/9] ==> dir [/usr/lib/gcc/x86_64-linux-gnu/9]
    arg [-L/usr/lib/gcc/x86_64-linux-gnu/9/../../../x86_64-linux-gnu] ==> dir [/usr/lib/gcc/x86_64-linux-gnu/9/../../../x86_64-linux-gnu]
    arg [-L/usr/lib/gcc/x86_64-linux-gnu/9/../../../../lib] ==> dir [/usr/lib/gcc/x86_64-linux-gnu/9/../../../../lib]
    arg [-L/lib/x86_64-linux-gnu] ==> dir [/lib/x86_64-linux-gnu]
    arg [-L/lib/../lib] ==> dir [/lib/../lib]
    arg [-L/usr/lib/x86_64-linux-gnu] ==> dir [/usr/lib/x86_64-linux-gnu]
    arg [-L/usr/lib/../lib] ==> dir [/usr/lib/../lib]
    arg [-L/usr/lib/gcc/x86_64-linux-gnu/9/../../..] ==> dir [/usr/lib/gcc/x86_64-linux-gnu/9/../../..]
    arg [CMakeFiles/cmTC_4c45f.dir/CMakeCXXCompilerABI.cpp.o] ==> ignore
    arg [-lstdc++] ==> lib [stdc++]
    arg [-lm] ==> lib [m]
    arg [-lgcc_s] ==> lib [gcc_s]
    arg [-lgcc] ==> lib [gcc]
    arg [-lc] ==> lib [c]
    arg [-lgcc_s] ==> lib [gcc_s]
    arg [-lgcc] ==> lib [gcc]
    arg [/usr/lib/gcc/x86_64-linux-gnu/9/crtendS.o] ==> ignore
    arg [/usr/lib/gcc/x86_64-linux-gnu/9/../../../x86_64-linux-gnu/crtn.o] ==> ignore
  collapse library dir [/usr/lib/gcc/x86_64-linux-gnu/9] ==> [/usr/lib/gcc/x86_64-linux-gnu/9]
  collapse library dir [/usr/lib/gcc/x86_64-linux-gnu/9/../../../x86_64-linux-gnu] ==> [/usr/lib/x86_64-linux-gnu]
  collapse library dir [/usr/lib/gcc/x86_64-linux-gnu/9/../../../../lib] ==> [/usr/lib]
  collapse library dir [/lib/x86_64-linux-gnu] ==> [/lib/x86_64-linux-gnu]
  collapse library dir [/lib/../lib] ==> [/lib]
  collapse library dir [/usr/lib/x86_64-linux-gnu] ==> [/usr/lib/x86_64-linux-gnu]
  collapse library dir [/usr/lib/../lib] ==> [/usr/lib]
  collapse library dir [/usr/lib/gcc/x86_64-linux-gnu/9/../../..] ==> [/usr/lib]
  implicit libs: [stdc++;m;gcc_s;gcc;c;gcc_s;gcc]
  implicit dirs: [/usr/lib/gcc/x86_64-linux-gnu/9;/usr/lib/x86_64-linux-gnu;/usr/lib;/lib/x86_64-linux-gnu;/lib]
  implicit fwks: []


Compiling the Fortran compiler identification source file "CMakeFortranCompilerId.F" succeeded.
Compiler: /usr/bin/gfortran 
Build flags: 
Id flags: -v 

The output was:
0
Driving: /usr/bin/gfortran -v CMakeFortranCompilerId.F -l gfortran -l m -shared-libgcc
Using built-in specs.
COLLECT_GCC=/usr/bin/gfortran
COLLECT_LTO_WRAPPER=/usr/lib/gcc/x86_64-linux-gnu/9/lto-wrapper
OFFLOAD_TARGET_NAMES=nvptx-none:hsa
OFFLOAD_TARGET_DEFAULT=1
Target: x86_64-linux-gnu
Configured with: ../src/configure -v --with-pkgversion='Ubuntu 9.4.0-1ubuntu1~20.04.2' --with-bugurl=file:///usr/share/doc/gcc-9/README.Bugs --enable-languages=c,ada,c++,go,brig,d,fortran,objc,obj-c++,gm2 --prefix=/usr --with-gcc-major-version-only --program-suffix=-9 --program-prefix=x86_64-linux-gnu- --enable-shared --enable-linker-build-id --libexecdir=/usr/lib --without-included-gettext --enable-threads=posix --libdir=/usr/lib --enable-nls --enable-clocale=gnu --enable-libstdcxx-debug --enable-libstdcxx-time=yes --with-default-libstdcxx-abi=new --enable-gnu-unique-object --disable-vtable-verify --enable-plugin --enable-default-pie --with-system-zlib --with-target-system-zlib=auto --enable-objc-gc=auto --enable-multiarch --disable-werror --with-arch-32=i686 --with-abi=m64 --with-multilib-list=m32,m64,mx32 --enable-multilib --with-tune=generic --enable-offload-targets=nvptx-none=/build/gcc-9-9QDOt0/gcc-9-9.4.0/debian/tmp-nvptx/usr,hsa --without-cuda-driver --enable-checking=release --build=x86_64-linux-gnu --host=x86_64-linux-gnu --target=x86_64-linux-gnu
Thread model: posix
gcc version 9.4.0 (Ubuntu 9.4.0-1ubuntu1~20.04.2) 
COLLECT_GCC_OPTIONS='-v' '-shared-libgcc' '-mtune=generic' '-march=x86-64'
 /usr/lib/gcc/x86_64-linux-gnu/9/f951 CMakeFortranCompilerId.F -ffixed-form -cpp=/tmp/ccXwqd96.f90 -quiet -v -imultiarch x86_64-linux-gnu CMakeFortranCompilerId.F -quiet -dumpbase CMakeFortranCompilerId.F -mtune=generic -march=x86-64 -auxbase CMakeFortranCompilerId -version -fintrinsic-modules-path /usr/lib/gcc/x86_64-linux-gnu/9/finclude -fpre-include=/usr/include/finclude/math-vector-fortran.h -o /tmp/ccWFRuW8.s
GNU Fortran (Ubuntu 9.4.0-1ubuntu1~20.04.2) version 9.4.0 (x86_64-linux-gnu)
	compiled by GNU C version 9.4.0, GMP version 6.2.0, MPFR version 4.0.2, MPC version 1.1.0, isl version isl-0.22.1-GMP

GGC heuristics: --param ggc-min-expand=100 --param ggc-min-heapsize=131072
ignoring nonexistent directory "/usr/local/include/x86_64-linux-gnu"
ignoring nonexistent directory "/usr/lib/gcc/x86_64-linux-gnu/9/include-fixed"
ignoring nonexistent directory "/usr/lib/gcc/x86_64-linux-gnu/9/../../../../x86_64-linux-gnu/include"
#include "..." search starts here:
#include <...> search starts here:
 /usr/lib/gcc/x86_64-linux-gnu/9/finclude
 /usr/lib/gcc/x86_64-linux-gnu/9/include
 /usr/local/include
 /usr/include/x86_64-linux-gnu
 /usr/include
End of search list.
GNU Fortran2008 (Ubuntu 9.4.0-1ubuntu1~20.04.2) version 9.4.0 (x86_64-linux-gnu)
	compiled by GNU C version 9.4.0, GMP version 6.2.0, MPFR version 4.0.2, MPC version 1.1.0, isl version isl-0.22.1-GMP

GGC heuristics: --param ggc-min-expand=100 --param ggc-min-heapsize=131072
COLLECT_GCC_OPTIONS='-v' '-shared-libgcc' '-mtune=generic' '-march=x86-64'
 as -v --64 -o /tmp/cc41Okm8.o /tmp/ccWFRuW8.s
GNU assembler version 2.34 (x86_64-linux-gnu) using BFD version (GNU Binutils for Ubuntu) 2.34
Reading specs from /usr/lib/gcc/x86_64-linux-gnu/9/libgfortran.spec
rename spec lib to liborig
COLLECT_GCC_OPTIONS='-v' '-shared-libgcc' '-mtune=generic' '-march=x86-64'
COMPILER_PATH=/usr/lib/gcc/x86_64-linux-gnu/9/:/usr/lib/gcc/x86_64-linux-gnu/9/:/usr/lib/gcc/x86_64-linux-gnu/:/usr/lib/gcc/x86_64-linux-gnu/9/:/usr/lib/gcc/x86_64-linux-gnu/
LIBRARY_PATH=/usr/lib/gcc/x86_64-linux-gnu/9/:/usr/lib/gcc/x86_64-linux-gnu/9/../../../x86_64-linux-gnu/:/usr/lib/gcc/x86_64-linux-gnu/9/../../../../lib/:/lib/x86_64-linux-gnu/:/lib/../lib/:/usr/lib/x86_64-linux-gnu/:/usr/lib/../lib/:/usr/lib/gcc/x86_64-linux-gnu/9/../../../:/lib/:/usr/lib/
COLLECT_GCC_OPTIONS='-v' '-shared-libgcc' '-mtune=generic' '-march=x86-64'
 /usr/lib/gcc/x86_64-linux-gnu/9/collect2 -plugin /usr/lib/gcc/x86_64-linux-gnu/9/liblto_plugin.so -plugin-opt=/usr/lib/gcc/x86_64-linux-gnu/9/lto-wrapper -plugin-opt=-fresolution=/tmp/ccYR4Wj6.res -plugin-opt=-pass-through=-lgcc_s -plugin-opt=-pass-through=-lgcc -plugin-opt=-pass-through=-lquadmath -plugin-opt=-pass-through=-lm -plugin-opt=-pass-through=-lgcc_s -plugin-opt=-pass-through=-lgcc -plugin-opt=-pass-through=-lc -plugin-opt=-pass-through=-lgcc_s -plugin-opt=-pass-through=-lgcc --build-id --eh-frame-hdr -m elf_x86_64 --hash-style=gnu --as-needed -dynamic-linker /lib64/ld-linux-x86-64.so.2 -pie -z now -z relro /usr/lib/gcc/x86_64-linux-gnu/9/../../../x86_64-linux-gnu/Scrt1.o /usr/lib/gcc/x86_64-linux-gnu/9/../../../x86_64-linux-gnu/crti.o /usr/lib/gcc/x86_64-linux-gnu/9/crtbeginS.o -L/usr/lib/gcc/x86_64-linux-gnu/9 -L/usr/lib/gcc/x86_64-linux-gnu/9/../../../x86_64-linux-gnu -L/usr/lib/gcc/x86_64-linux-gnu/9/../../../../lib -L/lib/x86_64-linux-gnu -L/lib/../lib -L/usr/lib/x86_64-linux-gnu -L/usr/lib/../lib -L/usr/lib/gcc/x86_64-linux-gnu/9/../../.. /tmp/cc41Okm8.o -lgfortran -lm -lgcc_s -lgcc -lquadmath -lm -lgcc_s -lgcc -lc -lgcc_s -lgcc /usr/lib/gcc/x86_64-linux-gnu/9/crtendS.o /usr/lib/gcc/x86_64-linux-gnu/9/../../../x86_64-linux-gnu/crtn.o
COLLECT_GCC_OPTIONS='-v' '-shared-libgcc' '-mtune=generic' '-march=x86-64'


Compilation of the Fortran compiler identification source "CMakeFortranCompilerId.F" produced "a.out"

The Fortran compiler identification is GNU, found in "/home/lb831/SCONE/Build/CMakeFiles/3.16.3/CompilerIdFortran/a.out"

Determining if the Fortran compiler works passed with the following output:
Change Dir: /home/lb831/SCONE/Build/CMakeFiles/CMakeTmp

Run Build Command(s):/usr/bin/make cmTC_f547a/fast && /usr/bin/make -f CMakeFiles/cmTC_f547a.dir/build.make CMakeFiles/cmTC_f547a.dir/build
make[1]: Entering directory '/home/lb831/SCONE/Build/CMakeFiles/CMakeTmp'
Building Fortran object CMakeFiles/cmTC_f547a.dir/testFortranCompiler.f.o
/usr/bin/gfortran    -c /home/lb831/SCONE/Build/CMakeFiles/CMakeTmp/testFortranCompiler.f -o CMakeFiles/cmTC_f547a.dir/testFortranCompiler.f.o
Linking Fortran executable cmTC_f547a
/usr/bin/cmake -E cmake_link_script CMakeFiles/cmTC_f547a.dir/link.txt --verbose=1
/usr/bin/gfortran      CMakeFiles/cmTC_f547a.dir/testFortranCompiler.f.o  -o cmTC_f547a 
make[1]: Leaving directory '/home/lb831/SCONE/Build/CMakeFiles/CMakeTmp'



Detecting Fortran compiler ABI info compiled with the following output:
Change Dir: /home/lb831/SCONE/Build/CMakeFiles/CMakeTmp

Run Build Command(s):/usr/bin/make cmTC_79567/fast && /usr/bin/make -f CMakeFiles/cmTC_79567.dir/build.make CMakeFiles/cmTC_79567.dir/build
make[1]: Entering directory '/home/lb831/SCONE/Build/CMakeFiles/CMakeTmp'
Building Fortran object CMakeFiles/cmTC_79567.dir/CMakeFortranCompilerABI.F.o
/usr/bin/gfortran   -v -c /usr/share/cmake-3.16/Modules/CMakeFortranCompilerABI.F -o CMakeFiles/cmTC_79567.dir/CMakeFortranCompilerABI.F.o
Using built-in specs.
COLLECT_GCC=/usr/bin/gfortran
OFFLOAD_TARGET_NAMES=nvptx-none:hsa
OFFLOAD_TARGET_DEFAULT=1
Target: x86_64-linux-gnu
Configured with: ../src/configure -v --with-pkgversion='Ubuntu 9.4.0-1ubuntu1~20.04.2' --with-bugurl=file:///usr/share/doc/gcc-9/README.Bugs --enable-languages=c,ada,c++,go,brig,d,fortran,objc,obj-c++,gm2 --prefix=/usr --with-gcc-major-version-only --program-suffix=-9 --program-prefix=x86_64-linux-gnu- --enable-shared --enable-linker-build-id --libexecdir=/usr/lib --without-included-gettext --enable-threads=posix --libdir=/usr/lib --enable-nls --enable-clocale=gnu --enable-libstdcxx-debug --enable-libstdcxx-time=yes --with-default-libstdcxx-abi=new --enable-gnu-unique-object --disable-vtable-verify --enable-plugin --enable-default-pie --with-system-zlib --with-target-system-zlib=auto --enable-objc-gc=auto --enable-multiarch --disable-werror --with-arch-32=i686 --with-abi=m64 --with-multilib-list=m32,m64,mx32 --enable-multilib --with-tune=generic --enable-offload-targets=nvptx-none=/build/gcc-9-9QDOt0/gcc-9-9.4.0/debian/tmp-nvptx/usr,hsa --without-cuda-driver --enable-checking=release --build=x86_64-linux-gnu --host=x86_64-linux-gnu --target=x86_64-linux-gnu
Thread model: posix
gcc version 9.4.0 (Ubuntu 9.4.0-1ubuntu1~20.04.2) 
COLLECT_GCC_OPTIONS='-v' '-c' '-o' 'CMakeFiles/cmTC_79567.dir/CMakeFortranCompilerABI.F.o' '-mtune=generic' '-march=x86-64'
 /usr/lib/gcc/x86_64-linux-gnu/9/f951 /usr/share/cmake-3.16/Modules/CMakeFortranCompilerABI.F -ffixed-form -cpp=/tmp/ccDlir9U.f90 -quiet -v -imultiarch x86_64-linux-gnu /usr/share/cmake-3.16/Modules/CMakeFortranCompilerABI.F -quiet -dumpbase CMakeFortranCompilerABI.F -mtune=generic -march=x86-64 -auxbase-strip CMakeFiles/cmTC_79567.dir/CMakeFortranCompilerABI.F.o -version -fintrinsic-modules-path /usr/lib/gcc/x86_64-linux-gnu/9/finclude -fpre-include=/usr/include/finclude/math-vector-fortran.h -o /tmp/ccqCn6DV.s
GNU Fortran (Ubuntu 9.4.0-1ubuntu1~20.04.2) version 9.4.0 (x86_64-linux-gnu)
	compiled by GNU C version 9.4.0, GMP version 6.2.0, MPFR version 4.0.2, MPC version 1.1.0, isl version isl-0.22.1-GMP

GGC heuristics: --param ggc-min-expand=100 --param ggc-min-heapsize=131072
ignoring nonexistent directory "/usr/local/include/x86_64-linux-gnu"
ignoring nonexistent directory "/usr/lib/gcc/x86_64-linux-gnu/9/include-fixed"
ignoring nonexistent directory "/usr/lib/gcc/x86_64-linux-gnu/9/../../../../x86_64-linux-gnu/include"
#include "..." search starts here:
#include <...> search starts here:
 /usr/lib/gcc/x86_64-linux-gnu/9/finclude
 /usr/lib/gcc/x86_64-linux-gnu/9/include
 /usr/local/include
 /usr/include/x86_64-linux-gnu
 /usr/include
End of search list.
GNU Fortran2008 (Ubuntu 9.4.0-1ubuntu1~20.04.2) version 9.4.0 (x86_64-linux-gnu)
	compiled by GNU C version 9.4.0, GMP version 6.2.0, MPFR version 4.0.2, MPC version 1.1.0, isl version isl-0.22.1-GMP

GGC heuristics: --param ggc-min-expand=100 --param ggc-min-heapsize=131072
COLLECT_GCC_OPTIONS='-v' '-c' '-o' 'CMakeFiles/cmTC_79567.dir/CMakeFortranCompilerABI.F.o' '-mtune=generic' '-march=x86-64'
 as -v --64 -o CMakeFiles/cmTC_79567.dir/CMakeFortranCompilerABI.F.o /tmp/ccqCn6DV.s
GNU assembler version 2.34 (x86_64-linux-gnu) using BFD version (GNU Binutils for Ubuntu) 2.34
COMPILER_PATH=/usr/lib/gcc/x86_64-linux-gnu/9/:/usr/lib/gcc/x86_64-linux-gnu/9/:/usr/lib/gcc/x86_64-linux-gnu/:/usr/lib/gcc/x86_64-linux-gnu/9/:/usr/lib/gcc/x86_64-linux-gnu/
LIBRARY_PATH=/usr/lib/gcc/x86_64-linux-gnu/9/:/usr/lib/gcc/x86_64-linux-gnu/9/../../../x86_64-linux-gnu/:/usr/lib/gcc/x86_64-linux-gnu/9/../../../../lib/:/lib/x86_64-linux-gnu/:/lib/../lib/:/usr/lib/x86_64-linux-gnu/:/usr/lib/../lib/:/usr/lib/gcc/x86_64-linux-gnu/9/../../../:/lib/:/usr/lib/
COLLECT_GCC_OPTIONS='-v' '-c' '-o' 'CMakeFiles/cmTC_79567.dir/CMakeFortranCompilerABI.F.o' '-mtune=generic' '-march=x86-64'
Linking Fortran executable cmTC_79567
/usr/bin/cmake -E cmake_link_script CMakeFiles/cmTC_79567.dir/link.txt --verbose=1
/usr/bin/gfortran   -v   CMakeFiles/cmTC_79567.dir/CMakeFortranCompilerABI.F.o  -o cmTC_79567 
Driving: /usr/bin/gfortran -v CMakeFiles/cmTC_79567.dir/CMakeFortranCompilerABI.F.o -o cmTC_79567 -l gfortran -l m -shared-libgcc
Using built-in specs.
COLLECT_GCC=/usr/bin/gfortran
COLLECT_LTO_WRAPPER=/usr/lib/gcc/x86_64-linux-gnu/9/lto-wrapper
OFFLOAD_TARGET_NAMES=nvptx-none:hsa
OFFLOAD_TARGET_DEFAULT=1
Target: x86_64-linux-gnu
Configured with: ../src/configure -v --with-pkgversion='Ubuntu 9.4.0-1ubuntu1~20.04.2' --with-bugurl=file:///usr/share/doc/gcc-9/README.Bugs --enable-languages=c,ada,c++,go,brig,d,fortran,objc,obj-c++,gm2 --prefix=/usr --with-gcc-major-version-only --program-suffix=-9 --program-prefix=x86_64-linux-gnu- --enable-shared --enable-linker-build-id --libexecdir=/usr/lib --without-included-gettext --enable-threads=posix --libdir=/usr/lib --enable-nls --enable-clocale=gnu --enable-libstdcxx-debug --enable-libstdcxx-time=yes --with-default-libstdcxx-abi=new --enable-gnu-unique-object --disable-vtable-verify --enable-plugin --enable-default-pie --with-system-zlib --with-target-system-zlib=auto --enable-objc-gc=auto --enable-multiarch --disable-werror --with-arch-32=i686 --with-abi=m64 --with-multilib-list=m32,m64,mx32 --enable-multilib --with-tune=generic --enable-offload-targets=nvptx-none=/build/gcc-9-9QDOt0/gcc-9-9.4.0/debian/tmp-nvptx/usr,hsa --without-cuda-driver --enable-checking=release --build=x86_64-linux-gnu --host=x86_64-linux-gnu --target=x86_64-linux-gnu
Thread model: posix
gcc version 9.4.0 (Ubuntu 9.4.0-1ubuntu1~20.04.2) 
Reading specs from /usr/lib/gcc/x86_64-linux-gnu/9/libgfortran.spec
rename spec lib to liborig
COLLECT_GCC_OPTIONS='-v' '-o' 'cmTC_79567' '-shared-libgcc' '-mtune=generic' '-march=x86-64'
COMPILER_PATH=/usr/lib/gcc/x86_64-linux-gnu/9/:/usr/lib/gcc/x86_64-linux-gnu/9/:/usr/lib/gcc/x86_64-linux-gnu/:/usr/lib/gcc/x86_64-linux-gnu/9/:/usr/lib/gcc/x86_64-linux-gnu/
LIBRARY_PATH=/usr/lib/gcc/x86_64-linux-gnu/9/:/usr/lib/gcc/x86_64-linux-gnu/9/../../../x86_64-linux-gnu/:/usr/lib/gcc/x86_64-linux-gnu/9/../../../../lib/:/lib/x86_64-linux-gnu/:/lib/../lib/:/usr/lib/x86_64-linux-gnu/:/usr/lib/../lib/:/usr/lib/gcc/x86_64-linux-gnu/9/../../../:/lib/:/usr/lib/
COLLECT_GCC_OPTIONS='-v' '-o' 'cmTC_79567' '-shared-libgcc' '-mtune=generic' '-march=x86-64'
 /usr/lib/gcc/x86_64-linux-gnu/9/collect2 -plugin /usr/lib/gcc/x86_64-linux-gnu/9/liblto_plugin.so -plugin-opt=/usr/lib/gcc/x86_64-linux-gnu/9/lto-wrapper -plugin-opt=-fresolution=/tmp/ccKX6ngp.res -plugin-opt=-pass-through=-lgcc_s -plugin-opt=-pass-through=-lgcc -plugin-opt=-pass-through=-lquadmath -plugin-opt=-pass-through=-lm -plugin-opt=-pass-through=-lgcc_s -plugin-opt=-pass-through=-lgcc -plugin-opt=-pass-through=-lc -plugin-opt=-pass-through=-lgcc_s -plugin-opt=-pass-through=-lgcc --build-id --eh-frame-hdr -m elf_x86_64 --hash-style=gnu --as-needed -dynamic-linker /lib64/ld-linux-x86-64.so.2 -pie -z now -z relro -o cmTC_79567 /usr/lib/gcc/x86_64-linux-gnu/9/../../../x86_64-linux-gnu/Scrt1.o /usr/lib/gcc/x86_64-linux-gnu/9/../../../x86_64-linux-gnu/crti.o /usr/lib/gcc/x86_64-linux-gnu/9/crtbeginS.o -L/usr/lib/gcc/x86_64-linux-gnu/9 -L/usr/lib/gcc/x86_64-linux-gnu/9/../../../x86_64-linux-gnu -L/usr/lib/gcc/x86_64-linux-gnu/9/../../../../lib -L/lib/x86_64-linux-gnu -L/lib/../lib -L/usr/lib/x86_64-linux-gnu -L/usr/lib/../lib -L/usr/lib/gcc/x86_64-linux-gnu/9/../../.. CMakeFiles/cmTC_79567.dir/CMakeFortranCompilerABI.F.o -lgfortran -lm -lgcc_s -lgcc -lquadmath -lm -lgcc_s -lgcc -lc -lgcc_s -lgcc /usr/lib/gcc/x86_64-linux-gnu/9/crtendS.o /usr/lib/gcc/x86_64-linux-gnu/9/../../../x86_64-linux-gnu/crtn.o
COLLECT_GCC_OPTIONS='-v' '-o' 'cmTC_79567' '-shared-libgcc' '-mtune=generic' '-march=x86-64'
make[1]: Leaving directory '/home/lb831/SCONE/Build/CMakeFiles/CMakeTmp'



Parsed Fortran implicit include dir info from above output: rv=done
  found start of include info
  found start of implicit include info
    add: [/usr/lib/gcc/x86_64-linux-gnu/9/finclude]
    add: [/usr/lib/gcc/x86_64-linux-gnu/9/include]
    add: [/usr/local/include]
    add: [/usr/include/x86_64-linux-gnu]
    add: [/usr/include]
  end of search list found
  collapse include dir [/usr/lib/gcc/x86_64-linux-gnu/9/finclude] ==> [/usr/lib/gcc/x86_64-linux-gnu/9/finclude]
  collapse include dir [/usr/lib/gcc/x86_64-linux-gnu/9/include] ==> [/usr/lib/gcc/x86_64-linux-gnu/9/include]
  collapse include dir [/usr/local/include] ==> [/usr/local/include]
  collapse include dir [/usr/include/x86_64-linux-gnu] ==> [/usr/include/x86_64-linux-gnu]
  collapse include dir [/usr/include] ==> [/usr/include]
  implicit include dirs: [/usr/lib/gcc/x86_64-linux-gnu/9/finclude;/usr/lib/gcc/x86_64-linux-gnu/9/include;/usr/local/include;/usr/include/x86_64-linux-gnu;/usr/include]


Parsed Fortran implicit link information from above output:
  link line regex: [^( *|.*[/\])(ld|CMAKE_LINK_STARTFILE-NOTFOUND|([^/\]+-)?ld|collect2)[^/\]*( |$)]
  ignore line: [Change Dir: /home/lb831/SCONE/Build/CMakeFiles/CMakeTmp]
  ignore line: []
  ignore line: [Run Build Command(s):/usr/bin/make cmTC_79567/fast && /usr/bin/make -f CMakeFiles/cmTC_79567.dir/build.make CMakeFiles/cmTC_79567.dir/build]
  ignore line: [make[1]: Entering directory '/home/lb831/SCONE/Build/CMakeFiles/CMakeTmp']
  ignore line: [Building Fortran object CMakeFiles/cmTC_79567.dir/CMakeFortranCompilerABI.F.o]
  ignore line: [/usr/bin/gfortran   -v -c /usr/share/cmake-3.16/Modules/CMakeFortranCompilerABI.F -o CMakeFiles/cmTC_79567.dir/CMakeFortranCompilerABI.F.o]
  ignore line: [Using built-in specs.]
  ignore line: [COLLECT_GCC=/usr/bin/gfortran]
  ignore line: [OFFLOAD_TARGET_NAMES=nvptx-none:hsa]
  ignore line: [OFFLOAD_TARGET_DEFAULT=1]
  ignore line: [Target: x86_64-linux-gnu]
  ignore line: [Configured with: ../src/configure -v --with-pkgversion='Ubuntu 9.4.0-1ubuntu1~20.04.2' --with-bugurl=file:///usr/share/doc/gcc-9/README.Bugs --enable-languages=c ada c++ go brig d fortran objc obj-c++ gm2 --prefix=/usr --with-gcc-major-version-only --program-suffix=-9 --program-prefix=x86_64-linux-gnu- --enable-shared --enable-linker-build-id --libexecdir=/usr/lib --without-included-gettext --enable-threads=posix --libdir=/usr/lib --enable-nls --enable-clocale=gnu --enable-libstdcxx-debug --enable-libstdcxx-time=yes --with-default-libstdcxx-abi=new --enable-gnu-unique-object --disable-vtable-verify --enable-plugin --enable-default-pie --with-system-zlib --with-target-system-zlib=auto --enable-objc-gc=auto --enable-multiarch --disable-werror --with-arch-32=i686 --with-abi=m64 --with-multilib-list=m32 m64 mx32 --enable-multilib --with-tune=generic --enable-offload-targets=nvptx-none=/build/gcc-9-9QDOt0/gcc-9-9.4.0/debian/tmp-nvptx/usr hsa --without-cuda-driver --enable-checking=release --build=x86_64-linux-gnu --host=x86_64-linux-gnu --target=x86_64-linux-gnu]
  ignore line: [Thread model: posix]
  ignore line: [gcc version 9.4.0 (Ubuntu 9.4.0-1ubuntu1~20.04.2) ]
  ignore line: [COLLECT_GCC_OPTIONS='-v' '-c' '-o' 'CMakeFiles/cmTC_79567.dir/CMakeFortranCompilerABI.F.o' '-mtune=generic' '-march=x86-64']
  ignore line: [ /usr/lib/gcc/x86_64-linux-gnu/9/f951 /usr/share/cmake-3.16/Modules/CMakeFortranCompilerABI.F -ffixed-form -cpp=/tmp/ccDlir9U.f90 -quiet -v -imultiarch x86_64-linux-gnu /usr/share/cmake-3.16/Modules/CMakeFortranCompilerABI.F -quiet -dumpbase CMakeFortranCompilerABI.F -mtune=generic -march=x86-64 -auxbase-strip CMakeFiles/cmTC_79567.dir/CMakeFortranCompilerABI.F.o -version -fintrinsic-modules-path /usr/lib/gcc/x86_64-linux-gnu/9/finclude -fpre-include=/usr/include/finclude/math-vector-fortran.h -o /tmp/ccqCn6DV.s]
  ignore line: [GNU Fortran (Ubuntu 9.4.0-1ubuntu1~20.04.2) version 9.4.0 (x86_64-linux-gnu)]
  ignore line: [	compiled by GNU C version 9.4.0  GMP version 6.2.0  MPFR version 4.0.2  MPC version 1.1.0  isl version isl-0.22.1-GMP]
  ignore line: []
  ignore line: [GGC heuristics: --param ggc-min-expand=100 --param ggc-min-heapsize=131072]
  ignore line: [ignoring nonexistent directory "/usr/local/include/x86_64-linux-gnu"]
  ignore line: [ignoring nonexistent directory "/usr/lib/gcc/x86_64-linux-gnu/9/include-fixed"]
  ignore line: [ignoring nonexistent directory "/usr/lib/gcc/x86_64-linux-gnu/9/../../../../x86_64-linux-gnu/include"]
  ignore line: [#include "..." search starts here:]
  ignore line: [#include <...> search starts here:]
  ignore line: [ /usr/lib/gcc/x86_64-linux-gnu/9/finclude]
  ignore line: [ /usr/lib/gcc/x86_64-linux-gnu/9/include]
  ignore line: [ /usr/local/include]
  ignore line: [ /usr/include/x86_64-linux-gnu]
  ignore line: [ /usr/include]
  ignore line: [End of search list.]
  ignore line: [GNU Fortran2008 (Ubuntu 9.4.0-1ubuntu1~20.04.2) version 9.4.0 (x86_64-linux-gnu)]
  ignore line: [	compiled by GNU C version 9.4.0  GMP version 6.2.0  MPFR version 4.0.2  MPC version 1.1.0  isl version isl-0.22.1-GMP]
  ignore line: []
  ignore line: [GGC heuristics: --param ggc-min-expand=100 --param ggc-min-heapsize=131072]
  ignore line: [COLLECT_GCC_OPTIONS='-v' '-c' '-o' 'CMakeFiles/cmTC_79567.dir/CMakeFortranCompilerABI.F.o' '-mtune=generic' '-march=x86-64']
  ignore line: [ as -v --64 -o CMakeFiles/cmTC_79567.dir/CMakeFortranCompilerABI.F.o /tmp/ccqCn6DV.s]
  ignore line: [GNU assembler version 2.34 (x86_64-linux-gnu) using BFD version (GNU Binutils for Ubuntu) 2.34]
  ignore line: [COMPILER_PATH=/usr/lib/gcc/x86_64-linux-gnu/9/:/usr/lib/gcc/x86_64-linux-gnu/9/:/usr/lib/gcc/x86_64-linux-gnu/:/usr/lib/gcc/x86_64-linux-gnu/9/:/usr/lib/gcc/x86_64-linux-gnu/]
  ignore line: [LIBRARY_PATH=/usr/lib/gcc/x86_64-linux-gnu/9/:/usr/lib/gcc/x86_64-linux-gnu/9/../../../x86_64-linux-gnu/:/usr/lib/gcc/x86_64-linux-gnu/9/../../../../lib/:/lib/x86_64-linux-gnu/:/lib/../lib/:/usr/lib/x86_64-linux-gnu/:/usr/lib/../lib/:/usr/lib/gcc/x86_64-linux-gnu/9/../../../:/lib/:/usr/lib/]
  ignore line: [COLLECT_GCC_OPTIONS='-v' '-c' '-o' 'CMakeFiles/cmTC_79567.dir/CMakeFortranCompilerABI.F.o' '-mtune=generic' '-march=x86-64']
  ignore line: [Linking Fortran executable cmTC_79567]
  ignore line: [/usr/bin/cmake -E cmake_link_script CMakeFiles/cmTC_79567.dir/link.txt --verbose=1]
  ignore line: [/usr/bin/gfortran   -v   CMakeFiles/cmTC_79567.dir/CMakeFortranCompilerABI.F.o  -o cmTC_79567 ]
  ignore line: [Driving: /usr/bin/gfortran -v CMakeFiles/cmTC_79567.dir/CMakeFortranCompilerABI.F.o -o cmTC_79567 -l gfortran -l m -shared-libgcc]
  ignore line: [Using built-in specs.]
  ignore line: [COLLECT_GCC=/usr/bin/gfortran]
  ignore line: [COLLECT_LTO_WRAPPER=/usr/lib/gcc/x86_64-linux-gnu/9/lto-wrapper]
  ignore line: [OFFLOAD_TARGET_NAMES=nvptx-none:hsa]
  ignore line: [OFFLOAD_TARGET_DEFAULT=1]
  ignore line: [Target: x86_64-linux-gnu]
  ignore line: [Configured with: ../src/configure -v --with-pkgversion='Ubuntu 9.4.0-1ubuntu1~20.04.2' --with-bugurl=file:///usr/share/doc/gcc-9/README.Bugs --enable-languages=c ada c++ go brig d fortran objc obj-c++ gm2 --prefix=/usr --with-gcc-major-version-only --program-suffix=-9 --program-prefix=x86_64-linux-gnu- --enable-shared --enable-linker-build-id --libexecdir=/usr/lib --without-included-gettext --enable-threads=posix --libdir=/usr/lib --enable-nls --enable-clocale=gnu --enable-libstdcxx-debug --enable-libstdcxx-time=yes --with-default-libstdcxx-abi=new --enable-gnu-unique-object --disable-vtable-verify --enable-plugin --enable-default-pie --with-system-zlib --with-target-system-zlib=auto --enable-objc-gc=auto --enable-multiarch --disable-werror --with-arch-32=i686 --with-abi=m64 --with-multilib-list=m32 m64 mx32 --enable-multilib --with-tune=generic --enable-offload-targets=nvptx-none=/build/gcc-9-9QDOt0/gcc-9-9.4.0/debian/tmp-nvptx/usr hsa --without-cuda-driver --enable-checking=release --build=x86_64-linux-gnu --host=x86_64-linux-gnu --target=x86_64-linux-gnu]
  ignore line: [Thread model: posix]
  ignore line: [gcc version 9.4.0 (Ubuntu 9.4.0-1ubuntu1~20.04.2) ]
  ignore line: [Reading specs from /usr/lib/gcc/x86_64-linux-gnu/9/libgfortran.spec]
  ignore line: [rename spec lib to liborig]
  ignore line: [COLLECT_GCC_OPTIONS='-v' '-o' 'cmTC_79567' '-shared-libgcc' '-mtune=generic' '-march=x86-64']
  ignore line: [COMPILER_PATH=/usr/lib/gcc/x86_64-linux-gnu/9/:/usr/lib/gcc/x86_64-linux-gnu/9/:/usr/lib/gcc/x86_64-linux-gnu/:/usr/lib/gcc/x86_64-linux-gnu/9/:/usr/lib/gcc/x86_64-linux-gnu/]
  ignore line: [LIBRARY_PATH=/usr/lib/gcc/x86_64-linux-gnu/9/:/usr/lib/gcc/x86_64-linux-gnu/9/../../../x86_64-linux-gnu/:/usr/lib/gcc/x86_64-linux-gnu/9/../../../../lib/:/lib/x86_64-linux-gnu/:/lib/../lib/:/usr/lib/x86_64-linux-gnu/:/usr/lib/../lib/:/usr/lib/gcc/x86_64-linux-gnu/9/../../../:/lib/:/usr/lib/]
  ignore line: [COLLECT_GCC_OPTIONS='-v' '-o' 'cmTC_79567' '-shared-libgcc' '-mtune=generic' '-march=x86-64']
  link line: [ /usr/lib/gcc/x86_64-linux-gnu/9/collect2 -plugin /usr/lib/gcc/x86_64-linux-gnu/9/liblto_plugin.so -plugin-opt=/usr/lib/gcc/x86_64-linux-gnu/9/lto-wrapper -plugin-opt=-fresolution=/tmp/ccKX6ngp.res -plugin-opt=-pass-through=-lgcc_s -plugin-opt=-pass-through=-lgcc -plugin-opt=-pass-through=-lquadmath -plugin-opt=-pass-through=-lm -plugin-opt=-pass-through=-lgcc_s -plugin-opt=-pass-through=-lgcc -plugin-opt=-pass-through=-lc -plugin-opt=-pass-through=-lgcc_s -plugin-opt=-pass-through=-lgcc --build-id --eh-frame-hdr -m elf_x86_64 --hash-style=gnu --as-needed -dynamic-linker /lib64/ld-linux-x86-64.so.2 -pie -z now -z relro -o cmTC_79567 /usr/lib/gcc/x86_64-linux-gnu/9/../../../x86_64-linux-gnu/Scrt1.o /usr/lib/gcc/x86_64-linux-gnu/9/../../../x86_64-linux-gnu/crti.o /usr/lib/gcc/x86_64-linux-gnu/9/crtbeginS.o -L/usr/lib/gcc/x86_64-linux-gnu/9 -L/usr/lib/gcc/x86_64-linux-gnu/9/../../../x86_64-linux-gnu -L/usr/lib/gcc/x86_64-linux-gnu/9/../../../../lib -L/lib/x86_64-linux-gnu -L/lib/../lib -L/usr/lib/x86_64-linux-gnu -L/usr/lib/../lib -L/usr/lib/gcc/x86_64-linux-gnu/9/../../.. CMakeFiles/cmTC_79567.dir/CMakeFortranCompilerABI.F.o -lgfortran -lm -lgcc_s -lgcc -lquadmath -lm -lgcc_s -lgcc -lc -lgcc_s -lgcc /usr/lib/gcc/x86_64-linux-gnu/9/crtendS.o /usr/lib/gcc/x86_64-linux-gnu/9/../../../x86_64-linux-gnu/crtn.o]
    arg [/usr/lib/gcc/x86_64-linux-gnu/9/collect2] ==> ignore
    arg [-plugin] ==> ignore
    arg [/usr/lib/gcc/x86_64-linux-gnu/9/liblto_plugin.so] ==> ignore
    arg [-plugin-opt=/usr/lib/gcc/x86_64-linux-gnu/9/lto-wrapper] ==> ignore
    arg [-plugin-opt=-fresolution=/tmp/ccKX6ngp.res] ==> ignore
    arg [-plugin-opt=-pass-through=-lgcc_s] ==> ignore
    arg [-plugin-opt=-pass-through=-lgcc] ==> ignore
    arg [-plugin-opt=-pass-through=-lquadmath] ==> ignore
    arg [-plugin-opt=-pass-through=-lm] ==> ignore
    arg [-plugin-opt=-pass-through=-lgcc_s] ==> ignore
    arg [-plugin-opt=-pass-through=-lgcc] ==> ignore
    arg [-plugin-opt=-pass-through=-lc] ==> ignore
    arg [-plugin-opt=-pass-through=-lgcc_s] ==> ignore
    arg [-plugin-opt=-pass-through=-lgcc] ==> ignore
    arg [--build-id] ==> ignore
    arg [--eh-frame-hdr] ==> ignore
    arg [-m] ==> ignore
    arg [elf_x86_64] ==> ignore
    arg [--hash-style=gnu] ==> ignore
    arg [--as-needed] ==> ignore
    arg [-dynamic-linker] ==> ignore
    arg [/lib64/ld-linux-x86-64.so.2] ==> ignore
    arg [-pie] ==> ignore
    arg [-znow] ==> ignore
    arg [-zrelro] ==> ignore
    arg [-o] ==> ignore
    arg [cmTC_79567] ==> ignore
    arg [/usr/lib/gcc/x86_64-linux-gnu/9/../../../x86_64-linux-gnu/Scrt1.o] ==> ignore
    arg [/usr/lib/gcc/x86_64-linux-gnu/9/../../../x86_64-linux-gnu/crti.o] ==> ignore
    arg [/usr/lib/gcc/x86_64-linux-gnu/9/crtbeginS.o] ==> ignore
    arg [-L/usr/lib/gcc/x86_64-linux-gnu/9] ==> dir [/usr/lib/gcc/x86_64-linux-gnu/9]
    arg [-L/usr/lib/gcc/x86_64-linux-gnu/9/../../../x86_64-linux-gnu] ==> dir [/usr/lib/gcc/x86_64-linux-gnu/9/../../../x86_64-linux-gnu]
    arg [-L/usr/lib/gcc/x86_64-linux-gnu/9/../../../../lib] ==> dir [/usr/lib/gcc/x86_64-linux-gnu/9/../../../../lib]
    arg [-L/lib/x86_64-linux-gnu] ==> dir [/lib/x86_64-linux-gnu]
    arg [-L/lib/../lib] ==> dir [/lib/../lib]
    arg [-L/usr/lib/x86_64-linux-gnu] ==> dir [/usr/lib/x86_64-linux-gnu]
    arg [-L/usr/lib/../lib] ==> dir [/usr/lib/../lib]
    arg [-L/usr/lib/gcc/x86_64-linux-gnu/9/../../..] ==> dir [/usr/lib/gcc/x86_64-linux-gnu/9/../../..]
    arg [CMakeFiles/cmTC_79567.dir/CMakeFortranCompilerABI.F.o] ==> ignore
    arg [-lgfortran] ==> lib [gfortran]
    arg [-lm] ==> lib [m]
    arg [-lgcc_s] ==> lib [gcc_s]
    arg [-lgcc] ==> lib [gcc]
    arg [-lquadmath] ==> lib [quadmath]
    arg [-lm] ==> lib [m]
    arg [-lgcc_s] ==> lib [gcc_s]
    arg [-lgcc] ==> lib [gcc]
    arg [-lc] ==> lib [c]
    arg [-lgcc_s] ==> lib [gcc_s]
    arg [-lgcc] ==> lib [gcc]
    arg [/usr/lib/gcc/x86_64-linux-gnu/9/crtendS.o] ==> ignore
    arg [/usr/lib/gcc/x86_64-linux-gnu/9/../../../x86_64-linux-gnu/crtn.o] ==> ignore
  collapse library dir [/usr/lib/gcc/x86_64-linux-gnu/9] ==> [/usr/lib/gcc/x86_64-linux-gnu/9]
  collapse library dir [/usr/lib/gcc/x86_64-linux-gnu/9/../../../x86_64-linux-gnu] ==> [/usr/lib/x86_64-linux-gnu]
  collapse library dir [/usr/lib/gcc/x86_64-linux-gnu/9/../../../../lib] ==> [/usr/lib]
  collapse library dir [/lib/x86_64-linux-gnu] ==> [/lib/x86_64-linux-gnu]
  collapse library dir [/lib/../lib] ==> [/lib]
  collapse library dir [/usr/lib/x86_64-linux-gnu] ==> [/usr/lib/x86_64-linux-gnu]
  collapse library dir [/usr/lib/../lib] ==> [/usr/lib]
  collapse library dir [/usr/lib/gcc/x86_64-linux-gnu/9/../../..] ==> [/usr/lib]
  implicit libs: [gfortran;m;gcc_s;gcc;quadmath;m;gcc_s;gcc;c;gcc_s;gcc]
  implicit dirs: [/usr/lib/gcc/x86_64-linux-gnu/9;/usr/lib/x86_64-linux-gnu;/usr/lib;/lib/x86_64-linux-gnu;/lib]
  implicit fwks: []


Determining if the Fortran compiler supports Fortran 90 passed with the following output:
Change Dir: /home/lb831/SCONE/Build/CMakeFiles/CMakeTmp

Run Build Command(s):/usr/bin/make cmTC_2e84d/fast && /usr/bin/make -f CMakeFiles/cmTC_2e84d.dir/build.make CMakeFiles/cmTC_2e84d.dir/build
make[1]: Entering directory '/home/lb831/SCONE/Build/CMakeFiles/CMakeTmp'
Building Fortran object CMakeFiles/cmTC_2e84d.dir/testFortranCompilerF90.f90.o
/usr/bin/gfortran    -c /home/lb831/SCONE/Build/CMakeFiles/CMakeTmp/testFortranCompilerF90.f90 -o CMakeFiles/cmTC_2e84d.dir/testFortranCompilerF90.f90.o
Linking Fortran executable cmTC_2e84d
/usr/bin/cmake -E cmake_link_script CMakeFiles/cmTC_2e84d.dir/link.txt --verbose=1
/usr/bin/gfortran      CMakeFiles/cmTC_2e84d.dir/testFortranCompilerF90.f90.o  -o cmTC_2e84d 
make[1]: Leaving directory '/home/lb831/SCONE/Build/CMakeFiles/CMakeTmp'



Detecting C OpenMP compiler ABI info compiled with the following output:
Change Dir: /home/lb831/SCONE/Build/CMakeFiles/CMakeTmp

Run Build Command(s):/usr/bin/make cmTC_1cafe/fast && /usr/bin/make -f CMakeFiles/cmTC_1cafe.dir/build.make CMakeFiles/cmTC_1cafe.dir/build
make[1]: Entering directory '/home/lb831/SCONE/Build/CMakeFiles/CMakeTmp'
Building C object CMakeFiles/cmTC_1cafe.dir/OpenMPTryFlag.c.o
/usr/bin/cc   -fopenmp -v   -o CMakeFiles/cmTC_1cafe.dir/OpenMPTryFlag.c.o   -c /home/lb831/SCONE/Build/CMakeFiles/FindOpenMP/OpenMPTryFlag.c
Using built-in specs.
COLLECT_GCC=/usr/bin/cc
OFFLOAD_TARGET_NAMES=nvptx-none:hsa
OFFLOAD_TARGET_DEFAULT=1
Target: x86_64-linux-gnu
Configured with: ../src/configure -v --with-pkgversion='Ubuntu 9.4.0-1ubuntu1~20.04.2' --with-bugurl=file:///usr/share/doc/gcc-9/README.Bugs --enable-languages=c,ada,c++,go,brig,d,fortran,objc,obj-c++,gm2 --prefix=/usr --with-gcc-major-version-only --program-suffix=-9 --program-prefix=x86_64-linux-gnu- --enable-shared --enable-linker-build-id --libexecdir=/usr/lib --without-included-gettext --enable-threads=posix --libdir=/usr/lib --enable-nls --enable-clocale=gnu --enable-libstdcxx-debug --enable-libstdcxx-time=yes --with-default-libstdcxx-abi=new --enable-gnu-unique-object --disable-vtable-verify --enable-plugin --enable-default-pie --with-system-zlib --with-target-system-zlib=auto --enable-objc-gc=auto --enable-multiarch --disable-werror --with-arch-32=i686 --with-abi=m64 --with-multilib-list=m32,m64,mx32 --enable-multilib --with-tune=generic --enable-offload-targets=nvptx-none=/build/gcc-9-9QDOt0/gcc-9-9.4.0/debian/tmp-nvptx/usr,hsa --without-cuda-driver --enable-checking=release --build=x86_64-linux-gnu --host=x86_64-linux-gnu --target=x86_64-linux-gnu
Thread model: posix
gcc version 9.4.0 (Ubuntu 9.4.0-1ubuntu1~20.04.2) 
COLLECT_GCC_OPTIONS='-fopenmp' '-v' '-o' 'CMakeFiles/cmTC_1cafe.dir/OpenMPTryFlag.c.o' '-c' '-mtune=generic' '-march=x86-64' '-pthread'
 /usr/lib/gcc/x86_64-linux-gnu/9/cc1 -quiet -v -imultiarch x86_64-linux-gnu -D_REENTRANT /home/lb831/SCONE/Build/CMakeFiles/FindOpenMP/OpenMPTryFlag.c -quiet -dumpbase OpenMPTryFlag.c -mtune=generic -march=x86-64 -auxbase-strip CMakeFiles/cmTC_1cafe.dir/OpenMPTryFlag.c.o -version -fopenmp -fasynchronous-unwind-tables -fstack-protector-strong -Wformat -Wformat-security -fstack-clash-protection -fcf-protection -o /tmp/ccVQZ3vx.s
GNU C17 (Ubuntu 9.4.0-1ubuntu1~20.04.2) version 9.4.0 (x86_64-linux-gnu)
	compiled by GNU C version 9.4.0, GMP version 6.2.0, MPFR version 4.0.2, MPC version 1.1.0, isl version isl-0.22.1-GMP

GGC heuristics: --param ggc-min-expand=100 --param ggc-min-heapsize=131072
ignoring nonexistent directory "/usr/local/include/x86_64-linux-gnu"
ignoring nonexistent directory "/usr/lib/gcc/x86_64-linux-gnu/9/include-fixed"
ignoring nonexistent directory "/usr/lib/gcc/x86_64-linux-gnu/9/../../../../x86_64-linux-gnu/include"
#include "..." search starts here:
#include <...> search starts here:
 /usr/lib/gcc/x86_64-linux-gnu/9/include
 /usr/local/include
 /usr/include/x86_64-linux-gnu
 /usr/include
End of search list.
GNU C17 (Ubuntu 9.4.0-1ubuntu1~20.04.2) version 9.4.0 (x86_64-linux-gnu)
	compiled by GNU C version 9.4.0, GMP version 6.2.0, MPFR version 4.0.2, MPC version 1.1.0, isl version isl-0.22.1-GMP

GGC heuristics: --param ggc-min-expand=100 --param ggc-min-heapsize=131072
Compiler executable checksum: 01da938ff5dc2163489aa33cb3b747a7
COLLECT_GCC_OPTIONS='-fopenmp' '-v' '-o' 'CMakeFiles/cmTC_1cafe.dir/OpenMPTryFlag.c.o' '-c' '-mtune=generic' '-march=x86-64' '-pthread'
 as -v --64 -o CMakeFiles/cmTC_1cafe.dir/OpenMPTryFlag.c.o /tmp/ccVQZ3vx.s
GNU assembler version 2.34 (x86_64-linux-gnu) using BFD version (GNU Binutils for Ubuntu) 2.34
COMPILER_PATH=/usr/lib/gcc/x86_64-linux-gnu/9/:/usr/lib/gcc/x86_64-linux-gnu/9/:/usr/lib/gcc/x86_64-linux-gnu/:/usr/lib/gcc/x86_64-linux-gnu/9/:/usr/lib/gcc/x86_64-linux-gnu/
LIBRARY_PATH=/usr/lib/gcc/x86_64-linux-gnu/9/:/usr/lib/gcc/x86_64-linux-gnu/9/../../../x86_64-linux-gnu/:/usr/lib/gcc/x86_64-linux-gnu/9/../../../../lib/:/lib/x86_64-linux-gnu/:/lib/../lib/:/usr/lib/x86_64-linux-gnu/:/usr/lib/../lib/:/usr/lib/gcc/x86_64-linux-gnu/9/../../../:/lib/:/usr/lib/
COLLECT_GCC_OPTIONS='-fopenmp' '-v' '-o' 'CMakeFiles/cmTC_1cafe.dir/OpenMPTryFlag.c.o' '-c' '-mtune=generic' '-march=x86-64' '-pthread'
Linking C executable cmTC_1cafe
/usr/bin/cmake -E cmake_link_script CMakeFiles/cmTC_1cafe.dir/link.txt --verbose=1
/usr/bin/cc  -fopenmp -v    CMakeFiles/cmTC_1cafe.dir/OpenMPTryFlag.c.o  -o cmTC_1cafe  -v 
Using built-in specs.
COLLECT_GCC=/usr/bin/cc
COLLECT_LTO_WRAPPER=/usr/lib/gcc/x86_64-linux-gnu/9/lto-wrapper
OFFLOAD_TARGET_NAMES=nvptx-none:hsa
OFFLOAD_TARGET_DEFAULT=1
Target: x86_64-linux-gnu
Configured with: ../src/configure -v --with-pkgversion='Ubuntu 9.4.0-1ubuntu1~20.04.2' --with-bugurl=file:///usr/share/doc/gcc-9/README.Bugs --enable-languages=c,ada,c++,go,brig,d,fortran,objc,obj-c++,gm2 --prefix=/usr --with-gcc-major-version-only --program-suffix=-9 --program-prefix=x86_64-linux-gnu- --enable-shared --enable-linker-build-id --libexecdir=/usr/lib --without-included-gettext --enable-threads=posix --libdir=/usr/lib --enable-nls --enable-clocale=gnu --enable-libstdcxx-debug --enable-libstdcxx-time=yes --with-default-libstdcxx-abi=new --enable-gnu-unique-object --disable-vtable-verify --enable-plugin --enable-default-pie --with-system-zlib --with-target-system-zlib=auto --enable-objc-gc=auto --enable-multiarch --disable-werror --with-arch-32=i686 --with-abi=m64 --with-multilib-list=m32,m64,mx32 --enable-multilib --with-tune=generic --enable-offload-targets=nvptx-none=/build/gcc-9-9QDOt0/gcc-9-9.4.0/debian/tmp-nvptx/usr,hsa --without-cuda-driver --enable-checking=release --build=x86_64-linux-gnu --host=x86_64-linux-gnu --target=x86_64-linux-gnu
Thread model: posix
gcc version 9.4.0 (Ubuntu 9.4.0-1ubuntu1~20.04.2) 
COMPILER_PATH=/usr/lib/gcc/x86_64-linux-gnu/9/:/usr/lib/gcc/x86_64-linux-gnu/9/:/usr/lib/gcc/x86_64-linux-gnu/:/usr/lib/gcc/x86_64-linux-gnu/9/:/usr/lib/gcc/x86_64-linux-gnu/
LIBRARY_PATH=/usr/lib/gcc/x86_64-linux-gnu/9/:/usr/lib/gcc/x86_64-linux-gnu/9/../../../x86_64-linux-gnu/:/usr/lib/gcc/x86_64-linux-gnu/9/../../../../lib/:/lib/x86_64-linux-gnu/:/lib/../lib/:/usr/lib/x86_64-linux-gnu/:/usr/lib/../lib/:/usr/lib/gcc/x86_64-linux-gnu/9/../../../:/lib/:/usr/lib/
Reading specs from /usr/lib/gcc/x86_64-linux-gnu/9/libgomp.spec
COLLECT_GCC_OPTIONS='-fopenmp' '-v' '-o' 'cmTC_1cafe' '-v' '-mtune=generic' '-march=x86-64' '-pthread'
 /usr/lib/gcc/x86_64-linux-gnu/9/collect2 -plugin /usr/lib/gcc/x86_64-linux-gnu/9/liblto_plugin.so -plugin-opt=/usr/lib/gcc/x86_64-linux-gnu/9/lto-wrapper -plugin-opt=-fresolution=/tmp/ccJRE2l1.res -plugin-opt=-pass-through=-lgcc -plugin-opt=-pass-through=-lgcc_s -plugin-opt=-pass-through=-lpthread -plugin-opt=-pass-through=-lc -plugin-opt=-pass-through=-lgcc -plugin-opt=-pass-through=-lgcc_s --build-id --eh-frame-hdr -m elf_x86_64 --hash-style=gnu --as-needed -dynamic-linker /lib64/ld-linux-x86-64.so.2 -pie -z now -z relro -o cmTC_1cafe /usr/lib/gcc/x86_64-linux-gnu/9/../../../x86_64-linux-gnu/Scrt1.o /usr/lib/gcc/x86_64-linux-gnu/9/../../../x86_64-linux-gnu/crti.o /usr/lib/gcc/x86_64-linux-gnu/9/crtbeginS.o /usr/lib/gcc/x86_64-linux-gnu/9/crtoffloadbegin.o -L/usr/lib/gcc/x86_64-linux-gnu/9 -L/usr/lib/gcc/x86_64-linux-gnu/9/../../../x86_64-linux-gnu -L/usr/lib/gcc/x86_64-linux-gnu/9/../../../../lib -L/lib/x86_64-linux-gnu -L/lib/../lib -L/usr/lib/x86_64-linux-gnu -L/usr/lib/../lib -L/usr/lib/gcc/x86_64-linux-gnu/9/../../.. CMakeFiles/cmTC_1cafe.dir/OpenMPTryFlag.c.o -lgomp -lgcc --push-state --as-needed -lgcc_s --pop-state -lpthread -lc -lgcc --push-state --as-needed -lgcc_s --pop-state /usr/lib/gcc/x86_64-linux-gnu/9/crtendS.o /usr/lib/gcc/x86_64-linux-gnu/9/../../../x86_64-linux-gnu/crtn.o /usr/lib/gcc/x86_64-linux-gnu/9/crtoffloadend.o
COLLECT_GCC_OPTIONS='-fopenmp' '-v' '-o' 'cmTC_1cafe' '-v' '-mtune=generic' '-march=x86-64' '-pthread'
make[1]: Leaving directory '/home/lb831/SCONE/Build/CMakeFiles/CMakeTmp'



Parsed C OpenMP implicit link information from above output:
  link line regex: [^( *|.*[/\])(ld|CMAKE_LINK_STARTFILE-NOTFOUND|([^/\]+-)?ld|collect2)[^/\]*( |$)]
  ignore line: [Change Dir: /home/lb831/SCONE/Build/CMakeFiles/CMakeTmp]
  ignore line: []
  ignore line: [Run Build Command(s):/usr/bin/make cmTC_1cafe/fast && /usr/bin/make -f CMakeFiles/cmTC_1cafe.dir/build.make CMakeFiles/cmTC_1cafe.dir/build]
  ignore line: [make[1]: Entering directory '/home/lb831/SCONE/Build/CMakeFiles/CMakeTmp']
  ignore line: [Building C object CMakeFiles/cmTC_1cafe.dir/OpenMPTryFlag.c.o]
  ignore line: [/usr/bin/cc   -fopenmp -v   -o CMakeFiles/cmTC_1cafe.dir/OpenMPTryFlag.c.o   -c /home/lb831/SCONE/Build/CMakeFiles/FindOpenMP/OpenMPTryFlag.c]
  ignore line: [Using built-in specs.]
  ignore line: [COLLECT_GCC=/usr/bin/cc]
  ignore line: [OFFLOAD_TARGET_NAMES=nvptx-none:hsa]
  ignore line: [OFFLOAD_TARGET_DEFAULT=1]
  ignore line: [Target: x86_64-linux-gnu]
  ignore line: [Configured with: ../src/configure -v --with-pkgversion='Ubuntu 9.4.0-1ubuntu1~20.04.2' --with-bugurl=file:///usr/share/doc/gcc-9/README.Bugs --enable-languages=c ada c++ go brig d fortran objc obj-c++ gm2 --prefix=/usr --with-gcc-major-version-only --program-suffix=-9 --program-prefix=x86_64-linux-gnu- --enable-shared --enable-linker-build-id --libexecdir=/usr/lib --without-included-gettext --enable-threads=posix --libdir=/usr/lib --enable-nls --enable-clocale=gnu --enable-libstdcxx-debug --enable-libstdcxx-time=yes --with-default-libstdcxx-abi=new --enable-gnu-unique-object --disable-vtable-verify --enable-plugin --enable-default-pie --with-system-zlib --with-target-system-zlib=auto --enable-objc-gc=auto --enable-multiarch --disable-werror --with-arch-32=i686 --with-abi=m64 --with-multilib-list=m32 m64 mx32 --enable-multilib --with-tune=generic --enable-offload-targets=nvptx-none=/build/gcc-9-9QDOt0/gcc-9-9.4.0/debian/tmp-nvptx/usr hsa --without-cuda-driver --enable-checking=release --build=x86_64-linux-gnu --host=x86_64-linux-gnu --target=x86_64-linux-gnu]
  ignore line: [Thread model: posix]
  ignore line: [gcc version 9.4.0 (Ubuntu 9.4.0-1ubuntu1~20.04.2) ]
  ignore line: [COLLECT_GCC_OPTIONS='-fopenmp' '-v' '-o' 'CMakeFiles/cmTC_1cafe.dir/OpenMPTryFlag.c.o' '-c' '-mtune=generic' '-march=x86-64' '-pthread']
  ignore line: [ /usr/lib/gcc/x86_64-linux-gnu/9/cc1 -quiet -v -imultiarch x86_64-linux-gnu -D_REENTRANT /home/lb831/SCONE/Build/CMakeFiles/FindOpenMP/OpenMPTryFlag.c -quiet -dumpbase OpenMPTryFlag.c -mtune=generic -march=x86-64 -auxbase-strip CMakeFiles/cmTC_1cafe.dir/OpenMPTryFlag.c.o -version -fopenmp -fasynchronous-unwind-tables -fstack-protector-strong -Wformat -Wformat-security -fstack-clash-protection -fcf-protection -o /tmp/ccVQZ3vx.s]
  ignore line: [GNU C17 (Ubuntu 9.4.0-1ubuntu1~20.04.2) version 9.4.0 (x86_64-linux-gnu)]
  ignore line: [	compiled by GNU C version 9.4.0  GMP version 6.2.0  MPFR version 4.0.2  MPC version 1.1.0  isl version isl-0.22.1-GMP]
  ignore line: []
  ignore line: [GGC heuristics: --param ggc-min-expand=100 --param ggc-min-heapsize=131072]
  ignore line: [ignoring nonexistent directory "/usr/local/include/x86_64-linux-gnu"]
  ignore line: [ignoring nonexistent directory "/usr/lib/gcc/x86_64-linux-gnu/9/include-fixed"]
  ignore line: [ignoring nonexistent directory "/usr/lib/gcc/x86_64-linux-gnu/9/../../../../x86_64-linux-gnu/include"]
  ignore line: [#include "..." search starts here:]
  ignore line: [#include <...> search starts here:]
  ignore line: [ /usr/lib/gcc/x86_64-linux-gnu/9/include]
  ignore line: [ /usr/local/include]
  ignore line: [ /usr/include/x86_64-linux-gnu]
  ignore line: [ /usr/include]
  ignore line: [End of search list.]
  ignore line: [GNU C17 (Ubuntu 9.4.0-1ubuntu1~20.04.2) version 9.4.0 (x86_64-linux-gnu)]
  ignore line: [	compiled by GNU C version 9.4.0  GMP version 6.2.0  MPFR version 4.0.2  MPC version 1.1.0  isl version isl-0.22.1-GMP]
  ignore line: []
  ignore line: [GGC heuristics: --param ggc-min-expand=100 --param ggc-min-heapsize=131072]
  ignore line: [Compiler executable checksum: 01da938ff5dc2163489aa33cb3b747a7]
  ignore line: [COLLECT_GCC_OPTIONS='-fopenmp' '-v' '-o' 'CMakeFiles/cmTC_1cafe.dir/OpenMPTryFlag.c.o' '-c' '-mtune=generic' '-march=x86-64' '-pthread']
  ignore line: [ as -v --64 -o CMakeFiles/cmTC_1cafe.dir/OpenMPTryFlag.c.o /tmp/ccVQZ3vx.s]
  ignore line: [GNU assembler version 2.34 (x86_64-linux-gnu) using BFD version (GNU Binutils for Ubuntu) 2.34]
  ignore line: [COMPILER_PATH=/usr/lib/gcc/x86_64-linux-gnu/9/:/usr/lib/gcc/x86_64-linux-gnu/9/:/usr/lib/gcc/x86_64-linux-gnu/:/usr/lib/gcc/x86_64-linux-gnu/9/:/usr/lib/gcc/x86_64-linux-gnu/]
  ignore line: [LIBRARY_PATH=/usr/lib/gcc/x86_64-linux-gnu/9/:/usr/lib/gcc/x86_64-linux-gnu/9/../../../x86_64-linux-gnu/:/usr/lib/gcc/x86_64-linux-gnu/9/../../../../lib/:/lib/x86_64-linux-gnu/:/lib/../lib/:/usr/lib/x86_64-linux-gnu/:/usr/lib/../lib/:/usr/lib/gcc/x86_64-linux-gnu/9/../../../:/lib/:/usr/lib/]
  ignore line: [COLLECT_GCC_OPTIONS='-fopenmp' '-v' '-o' 'CMakeFiles/cmTC_1cafe.dir/OpenMPTryFlag.c.o' '-c' '-mtune=generic' '-march=x86-64' '-pthread']
  ignore line: [Linking C executable cmTC_1cafe]
  ignore line: [/usr/bin/cmake -E cmake_link_script CMakeFiles/cmTC_1cafe.dir/link.txt --verbose=1]
  ignore line: [/usr/bin/cc  -fopenmp -v    CMakeFiles/cmTC_1cafe.dir/OpenMPTryFlag.c.o  -o cmTC_1cafe  -v ]
  ignore line: [Using built-in specs.]
  ignore line: [COLLECT_GCC=/usr/bin/cc]
  ignore line: [COLLECT_LTO_WRAPPER=/usr/lib/gcc/x86_64-linux-gnu/9/lto-wrapper]
  ignore line: [OFFLOAD_TARGET_NAMES=nvptx-none:hsa]
  ignore line: [OFFLOAD_TARGET_DEFAULT=1]
  ignore line: [Target: x86_64-linux-gnu]
  ignore line: [Configured with: ../src/configure -v --with-pkgversion='Ubuntu 9.4.0-1ubuntu1~20.04.2' --with-bugurl=file:///usr/share/doc/gcc-9/README.Bugs --enable-languages=c ada c++ go brig d fortran objc obj-c++ gm2 --prefix=/usr --with-gcc-major-version-only --program-suffix=-9 --program-prefix=x86_64-linux-gnu- --enable-shared --enable-linker-build-id --libexecdir=/usr/lib --without-included-gettext --enable-threads=posix --libdir=/usr/lib --enable-nls --enable-clocale=gnu --enable-libstdcxx-debug --enable-libstdcxx-time=yes --with-default-libstdcxx-abi=new --enable-gnu-unique-object --disable-vtable-verify --enable-plugin --enable-default-pie --with-system-zlib --with-target-system-zlib=auto --enable-objc-gc=auto --enable-multiarch --disable-werror --with-arch-32=i686 --with-abi=m64 --with-multilib-list=m32 m64 mx32 --enable-multilib --with-tune=generic --enable-offload-targets=nvptx-none=/build/gcc-9-9QDOt0/gcc-9-9.4.0/debian/tmp-nvptx/usr hsa --without-cuda-driver --enable-checking=release --build=x86_64-linux-gnu --host=x86_64-linux-gnu --target=x86_64-linux-gnu]
  ignore line: [Thread model: posix]
  ignore line: [gcc version 9.4.0 (Ubuntu 9.4.0-1ubuntu1~20.04.2) ]
  ignore line: [COMPILER_PATH=/usr/lib/gcc/x86_64-linux-gnu/9/:/usr/lib/gcc/x86_64-linux-gnu/9/:/usr/lib/gcc/x86_64-linux-gnu/:/usr/lib/gcc/x86_64-linux-gnu/9/:/usr/lib/gcc/x86_64-linux-gnu/]
  ignore line: [LIBRARY_PATH=/usr/lib/gcc/x86_64-linux-gnu/9/:/usr/lib/gcc/x86_64-linux-gnu/9/../../../x86_64-linux-gnu/:/usr/lib/gcc/x86_64-linux-gnu/9/../../../../lib/:/lib/x86_64-linux-gnu/:/lib/../lib/:/usr/lib/x86_64-linux-gnu/:/usr/lib/../lib/:/usr/lib/gcc/x86_64-linux-gnu/9/../../../:/lib/:/usr/lib/]
  ignore line: [Reading specs from /usr/lib/gcc/x86_64-linux-gnu/9/libgomp.spec]
  ignore line: [COLLECT_GCC_OPTIONS='-fopenmp' '-v' '-o' 'cmTC_1cafe' '-v' '-mtune=generic' '-march=x86-64' '-pthread']
  link line: [ /usr/lib/gcc/x86_64-linux-gnu/9/collect2 -plugin /usr/lib/gcc/x86_64-linux-gnu/9/liblto_plugin.so -plugin-opt=/usr/lib/gcc/x86_64-linux-gnu/9/lto-wrapper -plugin-opt=-fresolution=/tmp/ccJRE2l1.res -plugin-opt=-pass-through=-lgcc -plugin-opt=-pass-through=-lgcc_s -plugin-opt=-pass-through=-lpthread -plugin-opt=-pass-through=-lc -plugin-opt=-pass-through=-lgcc -plugin-opt=-pass-through=-lgcc_s --build-id --eh-frame-hdr -m elf_x86_64 --hash-style=gnu --as-needed -dynamic-linker /lib64/ld-linux-x86-64.so.2 -pie -z now -z relro -o cmTC_1cafe /usr/lib/gcc/x86_64-linux-gnu/9/../../../x86_64-linux-gnu/Scrt1.o /usr/lib/gcc/x86_64-linux-gnu/9/../../../x86_64-linux-gnu/crti.o /usr/lib/gcc/x86_64-linux-gnu/9/crtbeginS.o /usr/lib/gcc/x86_64-linux-gnu/9/crtoffloadbegin.o -L/usr/lib/gcc/x86_64-linux-gnu/9 -L/usr/lib/gcc/x86_64-linux-gnu/9/../../../x86_64-linux-gnu -L/usr/lib/gcc/x86_64-linux-gnu/9/../../../../lib -L/lib/x86_64-linux-gnu -L/lib/../lib -L/usr/lib/x86_64-linux-gnu -L/usr/lib/../lib -L/usr/lib/gcc/x86_64-linux-gnu/9/../../.. CMakeFiles/cmTC_1cafe.dir/OpenMPTryFlag.c.o -lgomp -lgcc --push-state --as-needed -lgcc_s --pop-state -lpthread -lc -lgcc --push-state --as-needed -lgcc_s --pop-state /usr/lib/gcc/x86_64-linux-gnu/9/crtendS.o /usr/lib/gcc/x86_64-linux-gnu/9/../../../x86_64-linux-gnu/crtn.o /usr/lib/gcc/x86_64-linux-gnu/9/crtoffloadend.o]
    arg [/usr/lib/gcc/x86_64-linux-gnu/9/collect2] ==> ignore
    arg [-plugin] ==> ignore
    arg [/usr/lib/gcc/x86_64-linux-gnu/9/liblto_plugin.so] ==> ignore
    arg [-plugin-opt=/usr/lib/gcc/x86_64-linux-gnu/9/lto-wrapper] ==> ignore
    arg [-plugin-opt=-fresolution=/tmp/ccJRE2l1.res] ==> ignore
    arg [-plugin-opt=-pass-through=-lgcc] ==> ignore
    arg [-plugin-opt=-pass-through=-lgcc_s] ==> ignore
    arg [-plugin-opt=-pass-through=-lpthread] ==> ignore
    arg [-plugin-opt=-pass-through=-lc] ==> ignore
    arg [-plugin-opt=-pass-through=-lgcc] ==> ignore
    arg [-plugin-opt=-pass-through=-lgcc_s] ==> ignore
    arg [--build-id] ==> ignore
    arg [--eh-frame-hdr] ==> ignore
    arg [-m] ==> ignore
    arg [elf_x86_64] ==> ignore
    arg [--hash-style=gnu] ==> ignore
    arg [--as-needed] ==> ignore
    arg [-dynamic-linker] ==> ignore
    arg [/lib64/ld-linux-x86-64.so.2] ==> ignore
    arg [-pie] ==> ignore
    arg [-znow] ==> ignore
    arg [-zrelro] ==> ignore
    arg [-o] ==> ignore
    arg [cmTC_1cafe] ==> ignore
    arg [/usr/lib/gcc/x86_64-linux-gnu/9/../../../x86_64-linux-gnu/Scrt1.o] ==> ignore
    arg [/usr/lib/gcc/x86_64-linux-gnu/9/../../../x86_64-linux-gnu/crti.o] ==> ignore
    arg [/usr/lib/gcc/x86_64-linux-gnu/9/crtbeginS.o] ==> ignore
    arg [/usr/lib/gcc/x86_64-linux-gnu/9/crtoffloadbegin.o] ==> ignore
    arg [-L/usr/lib/gcc/x86_64-linux-gnu/9] ==> dir [/usr/lib/gcc/x86_64-linux-gnu/9]
    arg [-L/usr/lib/gcc/x86_64-linux-gnu/9/../../../x86_64-linux-gnu] ==> dir [/usr/lib/gcc/x86_64-linux-gnu/9/../../../x86_64-linux-gnu]
    arg [-L/usr/lib/gcc/x86_64-linux-gnu/9/../../../../lib] ==> dir [/usr/lib/gcc/x86_64-linux-gnu/9/../../../../lib]
    arg [-L/lib/x86_64-linux-gnu] ==> dir [/lib/x86_64-linux-gnu]
    arg [-L/lib/../lib] ==> dir [/lib/../lib]
    arg [-L/usr/lib/x86_64-linux-gnu] ==> dir [/usr/lib/x86_64-linux-gnu]
    arg [-L/usr/lib/../lib] ==> dir [/usr/lib/../lib]
    arg [-L/usr/lib/gcc/x86_64-linux-gnu/9/../../..] ==> dir [/usr/lib/gcc/x86_64-linux-gnu/9/../../..]
    arg [CMakeFiles/cmTC_1cafe.dir/OpenMPTryFlag.c.o] ==> ignore
    arg [-lgomp] ==> lib [gomp]
    arg [-lgcc] ==> lib [gcc]
    arg [--push-state] ==> ignore
    arg [--as-needed] ==> ignore
    arg [-lgcc_s] ==> lib [gcc_s]
    arg [--pop-state] ==> ignore
    arg [-lpthread] ==> lib [pthread]
    arg [-lc] ==> lib [c]
    arg [-lgcc] ==> lib [gcc]
    arg [--push-state] ==> ignore
    arg [--as-needed] ==> ignore
    arg [-lgcc_s] ==> lib [gcc_s]
    arg [--pop-state] ==> ignore
    arg [/usr/lib/gcc/x86_64-linux-gnu/9/crtendS.o] ==> ignore
    arg [/usr/lib/gcc/x86_64-linux-gnu/9/../../../x86_64-linux-gnu/crtn.o] ==> ignore
    arg [/usr/lib/gcc/x86_64-linux-gnu/9/crtoffloadend.o] ==> ignore
  collapse library dir [/usr/lib/gcc/x86_64-linux-gnu/9] ==> [/usr/lib/gcc/x86_64-linux-gnu/9]
  collapse library dir [/usr/lib/gcc/x86_64-linux-gnu/9/../../../x86_64-linux-gnu] ==> [/usr/lib/x86_64-linux-gnu]
  collapse library dir [/usr/lib/gcc/x86_64-linux-gnu/9/../../../../lib] ==> [/usr/lib]
  collapse library dir [/lib/x86_64-linux-gnu] ==> [/lib/x86_64-linux-gnu]
  collapse library dir [/lib/../lib] ==> [/lib]
  collapse library dir [/usr/lib/x86_64-linux-gnu] ==> [/usr/lib/x86_64-linux-gnu]
  collapse library dir [/usr/lib/../lib] ==> [/usr/lib]
  collapse library dir [/usr/lib/gcc/x86_64-linux-gnu/9/../../..] ==> [/usr/lib]
  implicit libs: [gomp;gcc;gcc_s;pthread;c;gcc;gcc_s]
  implicit dirs: [/usr/lib/gcc/x86_64-linux-gnu/9;/usr/lib/x86_64-linux-gnu;/usr/lib;/lib/x86_64-linux-gnu;/lib]
  implicit fwks: []


Detecting CXX OpenMP compiler ABI info compiled with the following output:
Change Dir: /home/lb831/SCONE/Build/CMakeFiles/CMakeTmp

Run Build Command(s):/usr/bin/make cmTC_ef1fa/fast && /usr/bin/make -f CMakeFiles/cmTC_ef1fa.dir/build.make CMakeFiles/cmTC_ef1fa.dir/build
make[1]: Entering directory '/home/lb831/SCONE/Build/CMakeFiles/CMakeTmp'
Building CXX object CMakeFiles/cmTC_ef1fa.dir/OpenMPTryFlag.cpp.o
/usr/bin/c++    -fopenmp -v   -o CMakeFiles/cmTC_ef1fa.dir/OpenMPTryFlag.cpp.o -c /home/lb831/SCONE/Build/CMakeFiles/FindOpenMP/OpenMPTryFlag.cpp
Using built-in specs.
COLLECT_GCC=/usr/bin/c++
OFFLOAD_TARGET_NAMES=nvptx-none:hsa
OFFLOAD_TARGET_DEFAULT=1
Target: x86_64-linux-gnu
Configured with: ../src/configure -v --with-pkgversion='Ubuntu 9.4.0-1ubuntu1~20.04.2' --with-bugurl=file:///usr/share/doc/gcc-9/README.Bugs --enable-languages=c,ada,c++,go,brig,d,fortran,objc,obj-c++,gm2 --prefix=/usr --with-gcc-major-version-only --program-suffix=-9 --program-prefix=x86_64-linux-gnu- --enable-shared --enable-linker-build-id --libexecdir=/usr/lib --without-included-gettext --enable-threads=posix --libdir=/usr/lib --enable-nls --enable-clocale=gnu --enable-libstdcxx-debug --enable-libstdcxx-time=yes --with-default-libstdcxx-abi=new --enable-gnu-unique-object --disable-vtable-verify --enable-plugin --enable-default-pie --with-system-zlib --with-target-system-zlib=auto --enable-objc-gc=auto --enable-multiarch --disable-werror --with-arch-32=i686 --with-abi=m64 --with-multilib-list=m32,m64,mx32 --enable-multilib --with-tune=generic --enable-offload-targets=nvptx-none=/build/gcc-9-9QDOt0/gcc-9-9.4.0/debian/tmp-nvptx/usr,hsa --without-cuda-driver --enable-checking=release --build=x86_64-linux-gnu --host=x86_64-linux-gnu --target=x86_64-linux-gnu
Thread model: posix
gcc version 9.4.0 (Ubuntu 9.4.0-1ubuntu1~20.04.2) 
COLLECT_GCC_OPTIONS='-fopenmp' '-v' '-o' 'CMakeFiles/cmTC_ef1fa.dir/OpenMPTryFlag.cpp.o' '-c' '-shared-libgcc' '-mtune=generic' '-march=x86-64' '-pthread'
 /usr/lib/gcc/x86_64-linux-gnu/9/cc1plus -quiet -v -imultiarch x86_64-linux-gnu -D_GNU_SOURCE -D_REENTRANT /home/lb831/SCONE/Build/CMakeFiles/FindOpenMP/OpenMPTryFlag.cpp -quiet -dumpbase OpenMPTryFlag.cpp -mtune=generic -march=x86-64 -auxbase-strip CMakeFiles/cmTC_ef1fa.dir/OpenMPTryFlag.cpp.o -version -fopenmp -fasynchronous-unwind-tables -fstack-protector-strong -Wformat -Wformat-security -fstack-clash-protection -fcf-protection -o /tmp/ccHJsSEv.s
GNU C++14 (Ubuntu 9.4.0-1ubuntu1~20.04.2) version 9.4.0 (x86_64-linux-gnu)
	compiled by GNU C version 9.4.0, GMP version 6.2.0, MPFR version 4.0.2, MPC version 1.1.0, isl version isl-0.22.1-GMP

GGC heuristics: --param ggc-min-expand=100 --param ggc-min-heapsize=131072
ignoring duplicate directory "/usr/include/x86_64-linux-gnu/c++/9"
ignoring nonexistent directory "/usr/local/include/x86_64-linux-gnu"
ignoring nonexistent directory "/usr/lib/gcc/x86_64-linux-gnu/9/include-fixed"
ignoring nonexistent directory "/usr/lib/gcc/x86_64-linux-gnu/9/../../../../x86_64-linux-gnu/include"
#include "..." search starts here:
#include <...> search starts here:
 /usr/include/c++/9
 /usr/include/x86_64-linux-gnu/c++/9
 /usr/include/c++/9/backward
 /usr/lib/gcc/x86_64-linux-gnu/9/include
 /usr/local/include
 /usr/include/x86_64-linux-gnu
 /usr/include
End of search list.
GNU C++14 (Ubuntu 9.4.0-1ubuntu1~20.04.2) version 9.4.0 (x86_64-linux-gnu)
	compiled by GNU C version 9.4.0, GMP version 6.2.0, MPFR version 4.0.2, MPC version 1.1.0, isl version isl-0.22.1-GMP

GGC heuristics: --param ggc-min-expand=100 --param ggc-min-heapsize=131072
Compiler executable checksum: 3d1eba838554fa2348dba760e4770469
COLLECT_GCC_OPTIONS='-fopenmp' '-v' '-o' 'CMakeFiles/cmTC_ef1fa.dir/OpenMPTryFlag.cpp.o' '-c' '-shared-libgcc' '-mtune=generic' '-march=x86-64' '-pthread'
 as -v --64 -o CMakeFiles/cmTC_ef1fa.dir/OpenMPTryFlag.cpp.o /tmp/ccHJsSEv.s
GNU assembler version 2.34 (x86_64-linux-gnu) using BFD version (GNU Binutils for Ubuntu) 2.34
COMPILER_PATH=/usr/lib/gcc/x86_64-linux-gnu/9/:/usr/lib/gcc/x86_64-linux-gnu/9/:/usr/lib/gcc/x86_64-linux-gnu/:/usr/lib/gcc/x86_64-linux-gnu/9/:/usr/lib/gcc/x86_64-linux-gnu/
LIBRARY_PATH=/usr/lib/gcc/x86_64-linux-gnu/9/:/usr/lib/gcc/x86_64-linux-gnu/9/../../../x86_64-linux-gnu/:/usr/lib/gcc/x86_64-linux-gnu/9/../../../../lib/:/lib/x86_64-linux-gnu/:/lib/../lib/:/usr/lib/x86_64-linux-gnu/:/usr/lib/../lib/:/usr/lib/gcc/x86_64-linux-gnu/9/../../../:/lib/:/usr/lib/
COLLECT_GCC_OPTIONS='-fopenmp' '-v' '-o' 'CMakeFiles/cmTC_ef1fa.dir/OpenMPTryFlag.cpp.o' '-c' '-shared-libgcc' '-mtune=generic' '-march=x86-64' '-pthread'
Linking CXX executable cmTC_ef1fa
/usr/bin/cmake -E cmake_link_script CMakeFiles/cmTC_ef1fa.dir/link.txt --verbose=1
/usr/bin/c++   -fopenmp -v    CMakeFiles/cmTC_ef1fa.dir/OpenMPTryFlag.cpp.o  -o cmTC_ef1fa  -v 
Using built-in specs.
COLLECT_GCC=/usr/bin/c++
COLLECT_LTO_WRAPPER=/usr/lib/gcc/x86_64-linux-gnu/9/lto-wrapper
OFFLOAD_TARGET_NAMES=nvptx-none:hsa
OFFLOAD_TARGET_DEFAULT=1
Target: x86_64-linux-gnu
Configured with: ../src/configure -v --with-pkgversion='Ubuntu 9.4.0-1ubuntu1~20.04.2' --with-bugurl=file:///usr/share/doc/gcc-9/README.Bugs --enable-languages=c,ada,c++,go,brig,d,fortran,objc,obj-c++,gm2 --prefix=/usr --with-gcc-major-version-only --program-suffix=-9 --program-prefix=x86_64-linux-gnu- --enable-shared --enable-linker-build-id --libexecdir=/usr/lib --without-included-gettext --enable-threads=posix --libdir=/usr/lib --enable-nls --enable-clocale=gnu --enable-libstdcxx-debug --enable-libstdcxx-time=yes --with-default-libstdcxx-abi=new --enable-gnu-unique-object --disable-vtable-verify --enable-plugin --enable-default-pie --with-system-zlib --with-target-system-zlib=auto --enable-objc-gc=auto --enable-multiarch --disable-werror --with-arch-32=i686 --with-abi=m64 --with-multilib-list=m32,m64,mx32 --enable-multilib --with-tune=generic --enable-offload-targets=nvptx-none=/build/gcc-9-9QDOt0/gcc-9-9.4.0/debian/tmp-nvptx/usr,hsa --without-cuda-driver --enable-checking=release --build=x86_64-linux-gnu --host=x86_64-linux-gnu --target=x86_64-linux-gnu
Thread model: posix
gcc version 9.4.0 (Ubuntu 9.4.0-1ubuntu1~20.04.2) 
COMPILER_PATH=/usr/lib/gcc/x86_64-linux-gnu/9/:/usr/lib/gcc/x86_64-linux-gnu/9/:/usr/lib/gcc/x86_64-linux-gnu/:/usr/lib/gcc/x86_64-linux-gnu/9/:/usr/lib/gcc/x86_64-linux-gnu/
LIBRARY_PATH=/usr/lib/gcc/x86_64-linux-gnu/9/:/usr/lib/gcc/x86_64-linux-gnu/9/../../../x86_64-linux-gnu/:/usr/lib/gcc/x86_64-linux-gnu/9/../../../../lib/:/lib/x86_64-linux-gnu/:/lib/../lib/:/usr/lib/x86_64-linux-gnu/:/usr/lib/../lib/:/usr/lib/gcc/x86_64-linux-gnu/9/../../../:/lib/:/usr/lib/
Reading specs from /usr/lib/gcc/x86_64-linux-gnu/9/libgomp.spec
COLLECT_GCC_OPTIONS='-fopenmp' '-v' '-o' 'cmTC_ef1fa' '-v' '-shared-libgcc' '-mtune=generic' '-march=x86-64' '-pthread'
 /usr/lib/gcc/x86_64-linux-gnu/9/collect2 -plugin /usr/lib/gcc/x86_64-linux-gnu/9/liblto_plugin.so -plugin-opt=/usr/lib/gcc/x86_64-linux-gnu/9/lto-wrapper -plugin-opt=-fresolution=/tmp/ccQWDg80.res -plugin-opt=-pass-through=-lgcc_s -plugin-opt=-pass-through=-lgcc -plugin-opt=-pass-through=-lpthread -plugin-opt=-pass-through=-lc -plugin-opt=-pass-through=-lgcc_s -plugin-opt=-pass-through=-lgcc --build-id --eh-frame-hdr -m elf_x86_64 --hash-style=gnu --as-needed -dynamic-linker /lib64/ld-linux-x86-64.so.2 -pie -z now -z relro -o cmTC_ef1fa /usr/lib/gcc/x86_64-linux-gnu/9/../../../x86_64-linux-gnu/Scrt1.o /usr/lib/gcc/x86_64-linux-gnu/9/../../../x86_64-linux-gnu/crti.o /usr/lib/gcc/x86_64-linux-gnu/9/crtbeginS.o /usr/lib/gcc/x86_64-linux-gnu/9/crtoffloadbegin.o -L/usr/lib/gcc/x86_64-linux-gnu/9 -L/usr/lib/gcc/x86_64-linux-gnu/9/../../../x86_64-linux-gnu -L/usr/lib/gcc/x86_64-linux-gnu/9/../../../../lib -L/lib/x86_64-linux-gnu -L/lib/../lib -L/usr/lib/x86_64-linux-gnu -L/usr/lib/../lib -L/usr/lib/gcc/x86_64-linux-gnu/9/../../.. CMakeFiles/cmTC_ef1fa.dir/OpenMPTryFlag.cpp.o -lstdc++ -lm -lgomp -lgcc_s -lgcc -lpthread -lc -lgcc_s -lgcc /usr/lib/gcc/x86_64-linux-gnu/9/crtendS.o /usr/lib/gcc/x86_64-linux-gnu/9/../../../x86_64-linux-gnu/crtn.o /usr/lib/gcc/x86_64-linux-gnu/9/crtoffloadend.o
COLLECT_GCC_OPTIONS='-fopenmp' '-v' '-o' 'cmTC_ef1fa' '-v' '-shared-libgcc' '-mtune=generic' '-march=x86-64' '-pthread'
make[1]: Leaving directory '/home/lb831/SCONE/Build/CMakeFiles/CMakeTmp'



Parsed CXX OpenMP implicit link information from above output:
  link line regex: [^( *|.*[/\])(ld|CMAKE_LINK_STARTFILE-NOTFOUND|([^/\]+-)?ld|collect2)[^/\]*( |$)]
  ignore line: [Change Dir: /home/lb831/SCONE/Build/CMakeFiles/CMakeTmp]
  ignore line: []
  ignore line: [Run Build Command(s):/usr/bin/make cmTC_ef1fa/fast && /usr/bin/make -f CMakeFiles/cmTC_ef1fa.dir/build.make CMakeFiles/cmTC_ef1fa.dir/build]
  ignore line: [make[1]: Entering directory '/home/lb831/SCONE/Build/CMakeFiles/CMakeTmp']
  ignore line: [Building CXX object CMakeFiles/cmTC_ef1fa.dir/OpenMPTryFlag.cpp.o]
  ignore line: [/usr/bin/c++    -fopenmp -v   -o CMakeFiles/cmTC_ef1fa.dir/OpenMPTryFlag.cpp.o -c /home/lb831/SCONE/Build/CMakeFiles/FindOpenMP/OpenMPTryFlag.cpp]
  ignore line: [Using built-in specs.]
  ignore line: [COLLECT_GCC=/usr/bin/c++]
  ignore line: [OFFLOAD_TARGET_NAMES=nvptx-none:hsa]
  ignore line: [OFFLOAD_TARGET_DEFAULT=1]
  ignore line: [Target: x86_64-linux-gnu]
  ignore line: [Configured with: ../src/configure -v --with-pkgversion='Ubuntu 9.4.0-1ubuntu1~20.04.2' --with-bugurl=file:///usr/share/doc/gcc-9/README.Bugs --enable-languages=c ada c++ go brig d fortran objc obj-c++ gm2 --prefix=/usr --with-gcc-major-version-only --program-suffix=-9 --program-prefix=x86_64-linux-gnu- --enable-shared --enable-linker-build-id --libexecdir=/usr/lib --without-included-gettext --enable-threads=posix --libdir=/usr/lib --enable-nls --enable-clocale=gnu --enable-libstdcxx-debug --enable-libstdcxx-time=yes --with-default-libstdcxx-abi=new --enable-gnu-unique-object --disable-vtable-verify --enable-plugin --enable-default-pie --with-system-zlib --with-target-system-zlib=auto --enable-objc-gc=auto --enable-multiarch --disable-werror --with-arch-32=i686 --with-abi=m64 --with-multilib-list=m32 m64 mx32 --enable-multilib --with-tune=generic --enable-offload-targets=nvptx-none=/build/gcc-9-9QDOt0/gcc-9-9.4.0/debian/tmp-nvptx/usr hsa --without-cuda-driver --enable-checking=release --build=x86_64-linux-gnu --host=x86_64-linux-gnu --target=x86_64-linux-gnu]
  ignore line: [Thread model: posix]
  ignore line: [gcc version 9.4.0 (Ubuntu 9.4.0-1ubuntu1~20.04.2) ]
  ignore line: [COLLECT_GCC_OPTIONS='-fopenmp' '-v' '-o' 'CMakeFiles/cmTC_ef1fa.dir/OpenMPTryFlag.cpp.o' '-c' '-shared-libgcc' '-mtune=generic' '-march=x86-64' '-pthread']
  ignore line: [ /usr/lib/gcc/x86_64-linux-gnu/9/cc1plus -quiet -v -imultiarch x86_64-linux-gnu -D_GNU_SOURCE -D_REENTRANT /home/lb831/SCONE/Build/CMakeFiles/FindOpenMP/OpenMPTryFlag.cpp -quiet -dumpbase OpenMPTryFlag.cpp -mtune=generic -march=x86-64 -auxbase-strip CMakeFiles/cmTC_ef1fa.dir/OpenMPTryFlag.cpp.o -version -fopenmp -fasynchronous-unwind-tables -fstack-protector-strong -Wformat -Wformat-security -fstack-clash-protection -fcf-protection -o /tmp/ccHJsSEv.s]
  ignore line: [GNU C++14 (Ubuntu 9.4.0-1ubuntu1~20.04.2) version 9.4.0 (x86_64-linux-gnu)]
  ignore line: [	compiled by GNU C version 9.4.0  GMP version 6.2.0  MPFR version 4.0.2  MPC version 1.1.0  isl version isl-0.22.1-GMP]
  ignore line: []
  ignore line: [GGC heuristics: --param ggc-min-expand=100 --param ggc-min-heapsize=131072]
  ignore line: [ignoring duplicate directory "/usr/include/x86_64-linux-gnu/c++/9"]
  ignore line: [ignoring nonexistent directory "/usr/local/include/x86_64-linux-gnu"]
  ignore line: [ignoring nonexistent directory "/usr/lib/gcc/x86_64-linux-gnu/9/include-fixed"]
  ignore line: [ignoring nonexistent directory "/usr/lib/gcc/x86_64-linux-gnu/9/../../../../x86_64-linux-gnu/include"]
  ignore line: [#include "..." search starts here:]
  ignore line: [#include <...> search starts here:]
  ignore line: [ /usr/include/c++/9]
  ignore line: [ /usr/include/x86_64-linux-gnu/c++/9]
  ignore line: [ /usr/include/c++/9/backward]
  ignore line: [ /usr/lib/gcc/x86_64-linux-gnu/9/include]
  ignore line: [ /usr/local/include]
  ignore line: [ /usr/include/x86_64-linux-gnu]
  ignore line: [ /usr/include]
  ignore line: [End of search list.]
  ignore line: [GNU C++14 (Ubuntu 9.4.0-1ubuntu1~20.04.2) version 9.4.0 (x86_64-linux-gnu)]
  ignore line: [	compiled by GNU C version 9.4.0  GMP version 6.2.0  MPFR version 4.0.2  MPC version 1.1.0  isl version isl-0.22.1-GMP]
  ignore line: []
  ignore line: [GGC heuristics: --param ggc-min-expand=100 --param ggc-min-heapsize=131072]
  ignore line: [Compiler executable checksum: 3d1eba838554fa2348dba760e4770469]
  ignore line: [COLLECT_GCC_OPTIONS='-fopenmp' '-v' '-o' 'CMakeFiles/cmTC_ef1fa.dir/OpenMPTryFlag.cpp.o' '-c' '-shared-libgcc' '-mtune=generic' '-march=x86-64' '-pthread']
  ignore line: [ as -v --64 -o CMakeFiles/cmTC_ef1fa.dir/OpenMPTryFlag.cpp.o /tmp/ccHJsSEv.s]
  ignore line: [GNU assembler version 2.34 (x86_64-linux-gnu) using BFD version (GNU Binutils for Ubuntu) 2.34]
  ignore line: [COMPILER_PATH=/usr/lib/gcc/x86_64-linux-gnu/9/:/usr/lib/gcc/x86_64-linux-gnu/9/:/usr/lib/gcc/x86_64-linux-gnu/:/usr/lib/gcc/x86_64-linux-gnu/9/:/usr/lib/gcc/x86_64-linux-gnu/]
  ignore line: [LIBRARY_PATH=/usr/lib/gcc/x86_64-linux-gnu/9/:/usr/lib/gcc/x86_64-linux-gnu/9/../../../x86_64-linux-gnu/:/usr/lib/gcc/x86_64-linux-gnu/9/../../../../lib/:/lib/x86_64-linux-gnu/:/lib/../lib/:/usr/lib/x86_64-linux-gnu/:/usr/lib/../lib/:/usr/lib/gcc/x86_64-linux-gnu/9/../../../:/lib/:/usr/lib/]
  ignore line: [COLLECT_GCC_OPTIONS='-fopenmp' '-v' '-o' 'CMakeFiles/cmTC_ef1fa.dir/OpenMPTryFlag.cpp.o' '-c' '-shared-libgcc' '-mtune=generic' '-march=x86-64' '-pthread']
  ignore line: [Linking CXX executable cmTC_ef1fa]
  ignore line: [/usr/bin/cmake -E cmake_link_script CMakeFiles/cmTC_ef1fa.dir/link.txt --verbose=1]
  ignore line: [/usr/bin/c++   -fopenmp -v    CMakeFiles/cmTC_ef1fa.dir/OpenMPTryFlag.cpp.o  -o cmTC_ef1fa  -v ]
  ignore line: [Using built-in specs.]
  ignore line: [COLLECT_GCC=/usr/bin/c++]
  ignore line: [COLLECT_LTO_WRAPPER=/usr/lib/gcc/x86_64-linux-gnu/9/lto-wrapper]
  ignore line: [OFFLOAD_TARGET_NAMES=nvptx-none:hsa]
  ignore line: [OFFLOAD_TARGET_DEFAULT=1]
  ignore line: [Target: x86_64-linux-gnu]
  ignore line: [Configured with: ../src/configure -v --with-pkgversion='Ubuntu 9.4.0-1ubuntu1~20.04.2' --with-bugurl=file:///usr/share/doc/gcc-9/README.Bugs --enable-languages=c ada c++ go brig d fortran objc obj-c++ gm2 --prefix=/usr --with-gcc-major-version-only --program-suffix=-9 --program-prefix=x86_64-linux-gnu- --enable-shared --enable-linker-build-id --libexecdir=/usr/lib --without-included-gettext --enable-threads=posix --libdir=/usr/lib --enable-nls --enable-clocale=gnu --enable-libstdcxx-debug --enable-libstdcxx-time=yes --with-default-libstdcxx-abi=new --enable-gnu-unique-object --disable-vtable-verify --enable-plugin --enable-default-pie --with-system-zlib --with-target-system-zlib=auto --enable-objc-gc=auto --enable-multiarch --disable-werror --with-arch-32=i686 --with-abi=m64 --with-multilib-list=m32 m64 mx32 --enable-multilib --with-tune=generic --enable-offload-targets=nvptx-none=/build/gcc-9-9QDOt0/gcc-9-9.4.0/debian/tmp-nvptx/usr hsa --without-cuda-driver --enable-checking=release --build=x86_64-linux-gnu --host=x86_64-linux-gnu --target=x86_64-linux-gnu]
  ignore line: [Thread model: posix]
  ignore line: [gcc version 9.4.0 (Ubuntu 9.4.0-1ubuntu1~20.04.2) ]
  ignore line: [COMPILER_PATH=/usr/lib/gcc/x86_64-linux-gnu/9/:/usr/lib/gcc/x86_64-linux-gnu/9/:/usr/lib/gcc/x86_64-linux-gnu/:/usr/lib/gcc/x86_64-linux-gnu/9/:/usr/lib/gcc/x86_64-linux-gnu/]
  ignore line: [LIBRARY_PATH=/usr/lib/gcc/x86_64-linux-gnu/9/:/usr/lib/gcc/x86_64-linux-gnu/9/../../../x86_64-linux-gnu/:/usr/lib/gcc/x86_64-linux-gnu/9/../../../../lib/:/lib/x86_64-linux-gnu/:/lib/../lib/:/usr/lib/x86_64-linux-gnu/:/usr/lib/../lib/:/usr/lib/gcc/x86_64-linux-gnu/9/../../../:/lib/:/usr/lib/]
  ignore line: [Reading specs from /usr/lib/gcc/x86_64-linux-gnu/9/libgomp.spec]
  ignore line: [COLLECT_GCC_OPTIONS='-fopenmp' '-v' '-o' 'cmTC_ef1fa' '-v' '-shared-libgcc' '-mtune=generic' '-march=x86-64' '-pthread']
  link line: [ /usr/lib/gcc/x86_64-linux-gnu/9/collect2 -plugin /usr/lib/gcc/x86_64-linux-gnu/9/liblto_plugin.so -plugin-opt=/usr/lib/gcc/x86_64-linux-gnu/9/lto-wrapper -plugin-opt=-fresolution=/tmp/ccQWDg80.res -plugin-opt=-pass-through=-lgcc_s -plugin-opt=-pass-through=-lgcc -plugin-opt=-pass-through=-lpthread -plugin-opt=-pass-through=-lc -plugin-opt=-pass-through=-lgcc_s -plugin-opt=-pass-through=-lgcc --build-id --eh-frame-hdr -m elf_x86_64 --hash-style=gnu --as-needed -dynamic-linker /lib64/ld-linux-x86-64.so.2 -pie -z now -z relro -o cmTC_ef1fa /usr/lib/gcc/x86_64-linux-gnu/9/../../../x86_64-linux-gnu/Scrt1.o /usr/lib/gcc/x86_64-linux-gnu/9/../../../x86_64-linux-gnu/crti.o /usr/lib/gcc/x86_64-linux-gnu/9/crtbeginS.o /usr/lib/gcc/x86_64-linux-gnu/9/crtoffloadbegin.o -L/usr/lib/gcc/x86_64-linux-gnu/9 -L/usr/lib/gcc/x86_64-linux-gnu/9/../../../x86_64-linux-gnu -L/usr/lib/gcc/x86_64-linux-gnu/9/../../../../lib -L/lib/x86_64-linux-gnu -L/lib/../lib -L/usr/lib/x86_64-linux-gnu -L/usr/lib/../lib -L/usr/lib/gcc/x86_64-linux-gnu/9/../../.. CMakeFiles/cmTC_ef1fa.dir/OpenMPTryFlag.cpp.o -lstdc++ -lm -lgomp -lgcc_s -lgcc -lpthread -lc -lgcc_s -lgcc /usr/lib/gcc/x86_64-linux-gnu/9/crtendS.o /usr/lib/gcc/x86_64-linux-gnu/9/../../../x86_64-linux-gnu/crtn.o /usr/lib/gcc/x86_64-linux-gnu/9/crtoffloadend.o]
    arg [/usr/lib/gcc/x86_64-linux-gnu/9/collect2] ==> ignore
    arg [-plugin] ==> ignore
    arg [/usr/lib/gcc/x86_64-linux-gnu/9/liblto_plugin.so] ==> ignore
    arg [-plugin-opt=/usr/lib/gcc/x86_64-linux-gnu/9/lto-wrapper] ==> ignore
    arg [-plugin-opt=-fresolution=/tmp/ccQWDg80.res] ==> ignore
    arg [-plugin-opt=-pass-through=-lgcc_s] ==> ignore
    arg [-plugin-opt=-pass-through=-lgcc] ==> ignore
    arg [-plugin-opt=-pass-through=-lpthread] ==> ignore
    arg [-plugin-opt=-pass-through=-lc] ==> ignore
    arg [-plugin-opt=-pass-through=-lgcc_s] ==> ignore
    arg [-plugin-opt=-pass-through=-lgcc] ==> ignore
    arg [--build-id] ==> ignore
    arg [--eh-frame-hdr] ==> ignore
    arg [-m] ==> ignore
    arg [elf_x86_64] ==> ignore
    arg [--hash-style=gnu] ==> ignore
    arg [--as-needed] ==> ignore
    arg [-dynamic-linker] ==> ignore
    arg [/lib64/ld-linux-x86-64.so.2] ==> ignore
    arg [-pie] ==> ignore
    arg [-znow] ==> ignore
    arg [-zrelro] ==> ignore
    arg [-o] ==> ignore
    arg [cmTC_ef1fa] ==> ignore
    arg [/usr/lib/gcc/x86_64-linux-gnu/9/../../../x86_64-linux-gnu/Scrt1.o] ==> ignore
    arg [/usr/lib/gcc/x86_64-linux-gnu/9/../../../x86_64-linux-gnu/crti.o] ==> ignore
    arg [/usr/lib/gcc/x86_64-linux-gnu/9/crtbeginS.o] ==> ignore
    arg [/usr/lib/gcc/x86_64-linux-gnu/9/crtoffloadbegin.o] ==> ignore
    arg [-L/usr/lib/gcc/x86_64-linux-gnu/9] ==> dir [/usr/lib/gcc/x86_64-linux-gnu/9]
    arg [-L/usr/lib/gcc/x86_64-linux-gnu/9/../../../x86_64-linux-gnu] ==> dir [/usr/lib/gcc/x86_64-linux-gnu/9/../../../x86_64-linux-gnu]
    arg [-L/usr/lib/gcc/x86_64-linux-gnu/9/../../../../lib] ==> dir [/usr/lib/gcc/x86_64-linux-gnu/9/../../../../lib]
    arg [-L/lib/x86_64-linux-gnu] ==> dir [/lib/x86_64-linux-gnu]
    arg [-L/lib/../lib] ==> dir [/lib/../lib]
    arg [-L/usr/lib/x86_64-linux-gnu] ==> dir [/usr/lib/x86_64-linux-gnu]
    arg [-L/usr/lib/../lib] ==> dir [/usr/lib/../lib]
    arg [-L/usr/lib/gcc/x86_64-linux-gnu/9/../../..] ==> dir [/usr/lib/gcc/x86_64-linux-gnu/9/../../..]
    arg [CMakeFiles/cmTC_ef1fa.dir/OpenMPTryFlag.cpp.o] ==> ignore
    arg [-lstdc++] ==> lib [stdc++]
    arg [-lm] ==> lib [m]
    arg [-lgomp] ==> lib [gomp]
    arg [-lgcc_s] ==> lib [gcc_s]
    arg [-lgcc] ==> lib [gcc]
    arg [-lpthread] ==> lib [pthread]
    arg [-lc] ==> lib [c]
    arg [-lgcc_s] ==> lib [gcc_s]
    arg [-lgcc] ==> lib [gcc]
    arg [/usr/lib/gcc/x86_64-linux-gnu/9/crtendS.o] ==> ignore
    arg [/usr/lib/gcc/x86_64-linux-gnu/9/../../../x86_64-linux-gnu/crtn.o] ==> ignore
    arg [/usr/lib/gcc/x86_64-linux-gnu/9/crtoffloadend.o] ==> ignore
  collapse library dir [/usr/lib/gcc/x86_64-linux-gnu/9] ==> [/usr/lib/gcc/x86_64-linux-gnu/9]
  collapse library dir [/usr/lib/gcc/x86_64-linux-gnu/9/../../../x86_64-linux-gnu] ==> [/usr/lib/x86_64-linux-gnu]
  collapse library dir [/usr/lib/gcc/x86_64-linux-gnu/9/../../../../lib] ==> [/usr/lib]
  collapse library dir [/lib/x86_64-linux-gnu] ==> [/lib/x86_64-linux-gnu]
  collapse library dir [/lib/../lib] ==> [/lib]
  collapse library dir [/usr/lib/x86_64-linux-gnu] ==> [/usr/lib/x86_64-linux-gnu]
  collapse library dir [/usr/lib/../lib] ==> [/usr/lib]
  collapse library dir [/usr/lib/gcc/x86_64-linux-gnu/9/../../..] ==> [/usr/lib]
  implicit libs: [stdc++;m;gomp;gcc_s;gcc;pthread;c;gcc_s;gcc]
  implicit dirs: [/usr/lib/gcc/x86_64-linux-gnu/9;/usr/lib/x86_64-linux-gnu;/usr/lib;/lib/x86_64-linux-gnu;/lib]
  implicit fwks: []


Detecting Fortran OpenMP compiler ABI info compiled with the following output:
Change Dir: /home/lb831/SCONE/Build/CMakeFiles/CMakeTmp

Run Build Command(s):/usr/bin/make cmTC_61816/fast && /usr/bin/make -f CMakeFiles/cmTC_61816.dir/build.make CMakeFiles/cmTC_61816.dir/build
make[1]: Entering directory '/home/lb831/SCONE/Build/CMakeFiles/CMakeTmp'
Building Fortran object CMakeFiles/cmTC_61816.dir/OpenMPTryFlag.f90.o
/usr/bin/gfortran   -std=f2018 -O3 -g -pedantic -Wall -Wno-unused-dummy-argument -cpp -fopenmp -v   -c /home/lb831/SCONE/Build/CMakeFiles/FindOpenMP/OpenMPTryFlag.f90 -o CMakeFiles/cmTC_61816.dir/OpenMPTryFlag.f90.o
Using built-in specs.
COLLECT_GCC=/usr/bin/gfortran
OFFLOAD_TARGET_NAMES=nvptx-none:hsa
OFFLOAD_TARGET_DEFAULT=1
Target: x86_64-linux-gnu
Configured with: ../src/configure -v --with-pkgversion='Ubuntu 9.4.0-1ubuntu1~20.04.2' --with-bugurl=file:///usr/share/doc/gcc-9/README.Bugs --enable-languages=c,ada,c++,go,brig,d,fortran,objc,obj-c++,gm2 --prefix=/usr --with-gcc-major-version-only --program-suffix=-9 --program-prefix=x86_64-linux-gnu- --enable-shared --enable-linker-build-id --libexecdir=/usr/lib --without-included-gettext --enable-threads=posix --libdir=/usr/lib --enable-nls --enable-clocale=gnu --enable-libstdcxx-debug --enable-libstdcxx-time=yes --with-default-libstdcxx-abi=new --enable-gnu-unique-object --disable-vtable-verify --enable-plugin --enable-default-pie --with-system-zlib --with-target-system-zlib=auto --enable-objc-gc=auto --enable-multiarch --disable-werror --with-arch-32=i686 --with-abi=m64 --with-multilib-list=m32,m64,mx32 --enable-multilib --with-tune=generic --enable-offload-targets=nvptx-none=/build/gcc-9-9QDOt0/gcc-9-9.4.0/debian/tmp-nvptx/usr,hsa --without-cuda-driver --enable-checking=release --build=x86_64-linux-gnu --host=x86_64-linux-gnu --target=x86_64-linux-gnu
Thread model: posix
gcc version 9.4.0 (Ubuntu 9.4.0-1ubuntu1~20.04.2) 
COLLECT_GCC_OPTIONS='-std=f2018' '-O3' '-g' '-Wpedantic' '-Wall' '-Wno-unused-dummy-argument' '-cpp' '-fopenmp' '-v' '-c' '-o' 'CMakeFiles/cmTC_61816.dir/OpenMPTryFlag.f90.o' '-mtune=generic' '-march=x86-64' '-pthread'
 /usr/lib/gcc/x86_64-linux-gnu/9/f951 /home/lb831/SCONE/Build/CMakeFiles/FindOpenMP/OpenMPTryFlag.f90 -cpp=/tmp/ccUtaAav.f90 -quiet -v -imultiarch x86_64-linux-gnu -D_REENTRANT /home/lb831/SCONE/Build/CMakeFiles/FindOpenMP/OpenMPTryFlag.f90 -quiet -dumpbase OpenMPTryFlag.f90 -mtune=generic -march=x86-64 -auxbase-strip CMakeFiles/cmTC_61816.dir/OpenMPTryFlag.f90.o -g -O3 -Wpedantic -Wall -Wno-unused-dummy-argument -std=f2018 -version -fopenmp -fintrinsic-modules-path /usr/lib/gcc/x86_64-linux-gnu/9/finclude -fpre-include=/usr/include/finclude/math-vector-fortran.h -o /tmp/ccKvSCNw.s
GNU Fortran (Ubuntu 9.4.0-1ubuntu1~20.04.2) version 9.4.0 (x86_64-linux-gnu)
	compiled by GNU C version 9.4.0, GMP version 6.2.0, MPFR version 4.0.2, MPC version 1.1.0, isl version isl-0.22.1-GMP

GGC heuristics: --param ggc-min-expand=100 --param ggc-min-heapsize=131072
ignoring nonexistent directory "/usr/local/include/x86_64-linux-gnu"
ignoring nonexistent directory "/usr/lib/gcc/x86_64-linux-gnu/9/include-fixed"
ignoring nonexistent directory "/usr/lib/gcc/x86_64-linux-gnu/9/../../../../x86_64-linux-gnu/include"
#include "..." search starts here:
#include <...> search starts here:
 /usr/lib/gcc/x86_64-linux-gnu/9/finclude
 /usr/lib/gcc/x86_64-linux-gnu/9/include
 /usr/local/include
 /usr/include/x86_64-linux-gnu
 /usr/include
End of search list.
GNU Fortran2008 (Ubuntu 9.4.0-1ubuntu1~20.04.2) version 9.4.0 (x86_64-linux-gnu)
	compiled by GNU C version 9.4.0, GMP version 6.2.0, MPFR version 4.0.2, MPC version 1.1.0, isl version isl-0.22.1-GMP

GGC heuristics: --param ggc-min-expand=100 --param ggc-min-heapsize=131072
COLLECT_GCC_OPTIONS='-std=f2018' '-O3' '-g' '-Wpedantic' '-Wall' '-Wno-unused-dummy-argument' '-cpp' '-fopenmp' '-v' '-c' '-o' 'CMakeFiles/cmTC_61816.dir/OpenMPTryFlag.f90.o' '-mtune=generic' '-march=x86-64' '-pthread'
 as -v --64 -o CMakeFiles/cmTC_61816.dir/OpenMPTryFlag.f90.o /tmp/ccKvSCNw.s
GNU assembler version 2.34 (x86_64-linux-gnu) using BFD version (GNU Binutils for Ubuntu) 2.34
COMPILER_PATH=/usr/lib/gcc/x86_64-linux-gnu/9/:/usr/lib/gcc/x86_64-linux-gnu/9/:/usr/lib/gcc/x86_64-linux-gnu/:/usr/lib/gcc/x86_64-linux-gnu/9/:/usr/lib/gcc/x86_64-linux-gnu/
LIBRARY_PATH=/usr/lib/gcc/x86_64-linux-gnu/9/:/usr/lib/gcc/x86_64-linux-gnu/9/../../../x86_64-linux-gnu/:/usr/lib/gcc/x86_64-linux-gnu/9/../../../../lib/:/lib/x86_64-linux-gnu/:/lib/../lib/:/usr/lib/x86_64-linux-gnu/:/usr/lib/../lib/:/usr/lib/gcc/x86_64-linux-gnu/9/../../../:/lib/:/usr/lib/
COLLECT_GCC_OPTIONS='-std=f2018' '-O3' '-g' '-Wpedantic' '-Wall' '-Wno-unused-dummy-argument' '-cpp' '-fopenmp' '-v' '-c' '-o' 'CMakeFiles/cmTC_61816.dir/OpenMPTryFlag.f90.o' '-mtune=generic' '-march=x86-64' '-pthread'
Linking Fortran executable cmTC_61816
/usr/bin/cmake -E cmake_link_script CMakeFiles/cmTC_61816.dir/link.txt --verbose=1
/usr/bin/gfortran     -std=f2018 -O3 -g -pedantic -Wall -Wno-unused-dummy-argument -cpp -fopenmp -v CMakeFiles/cmTC_61816.dir/OpenMPTryFlag.f90.o  -o cmTC_61816  -v 
Driving: /usr/bin/gfortran -std=f2018 -O3 -g -pedantic -Wall -Wno-unused-dummy-argument -cpp -fopenmp -v CMakeFiles/cmTC_61816.dir/OpenMPTryFlag.f90.o -o cmTC_61816 -v -l gfortran -l m -shared-libgcc
Using built-in specs.
COLLECT_GCC=/usr/bin/gfortran
COLLECT_LTO_WRAPPER=/usr/lib/gcc/x86_64-linux-gnu/9/lto-wrapper
OFFLOAD_TARGET_NAMES=nvptx-none:hsa
OFFLOAD_TARGET_DEFAULT=1
Target: x86_64-linux-gnu
Configured with: ../src/configure -v --with-pkgversion='Ubuntu 9.4.0-1ubuntu1~20.04.2' --with-bugurl=file:///usr/share/doc/gcc-9/README.Bugs --enable-languages=c,ada,c++,go,brig,d,fortran,objc,obj-c++,gm2 --prefix=/usr --with-gcc-major-version-only --program-suffix=-9 --program-prefix=x86_64-linux-gnu- --enable-shared --enable-linker-build-id --libexecdir=/usr/lib --without-included-gettext --enable-threads=posix --libdir=/usr/lib --enable-nls --enable-clocale=gnu --enable-libstdcxx-debug --enable-libstdcxx-time=yes --with-default-libstdcxx-abi=new --enable-gnu-unique-object --disable-vtable-verify --enable-plugin --enable-default-pie --with-system-zlib --with-target-system-zlib=auto --enable-objc-gc=auto --enable-multiarch --disable-werror --with-arch-32=i686 --with-abi=m64 --with-multilib-list=m32,m64,mx32 --enable-multilib --with-tune=generic --enable-offload-targets=nvptx-none=/build/gcc-9-9QDOt0/gcc-9-9.4.0/debian/tmp-nvptx/usr,hsa --without-cuda-driver --enable-checking=release --build=x86_64-linux-gnu --host=x86_64-linux-gnu --target=x86_64-linux-gnu
Thread model: posix
gcc version 9.4.0 (Ubuntu 9.4.0-1ubuntu1~20.04.2) 
Reading specs from /usr/lib/gcc/x86_64-linux-gnu/9/libgfortran.spec
rename spec lib to liborig
COLLECT_GCC_OPTIONS='-std=f2018' '-O3' '-g' '-Wpedantic' '-Wall' '-Wno-unused-dummy-argument' '-cpp' '-fopenmp' '-v' '-o' 'cmTC_61816' '-v' '-shared-libgcc' '-mtune=generic' '-march=x86-64' '-pthread'
COMPILER_PATH=/usr/lib/gcc/x86_64-linux-gnu/9/:/usr/lib/gcc/x86_64-linux-gnu/9/:/usr/lib/gcc/x86_64-linux-gnu/:/usr/lib/gcc/x86_64-linux-gnu/9/:/usr/lib/gcc/x86_64-linux-gnu/
LIBRARY_PATH=/usr/lib/gcc/x86_64-linux-gnu/9/:/usr/lib/gcc/x86_64-linux-gnu/9/../../../x86_64-linux-gnu/:/usr/lib/gcc/x86_64-linux-gnu/9/../../../../lib/:/lib/x86_64-linux-gnu/:/lib/../lib/:/usr/lib/x86_64-linux-gnu/:/usr/lib/../lib/:/usr/lib/gcc/x86_64-linux-gnu/9/../../../:/lib/:/usr/lib/
Reading specs from /usr/lib/gcc/x86_64-linux-gnu/9/libgomp.spec
COLLECT_GCC_OPTIONS='-std=f2018' '-O3' '-g' '-Wpedantic' '-Wall' '-Wno-unused-dummy-argument' '-cpp' '-fopenmp' '-v' '-o' 'cmTC_61816' '-v' '-shared-libgcc' '-mtune=generic' '-march=x86-64' '-pthread'
 /usr/lib/gcc/x86_64-linux-gnu/9/collect2 -plugin /usr/lib/gcc/x86_64-linux-gnu/9/liblto_plugin.so -plugin-opt=/usr/lib/gcc/x86_64-linux-gnu/9/lto-wrapper -plugin-opt=-fresolution=/tmp/cchvmvD0.res -plugin-opt=-pass-through=-lgcc_s -plugin-opt=-pass-through=-lgcc -plugin-opt=-pass-through=-lquadmath -plugin-opt=-pass-through=-lm -plugin-opt=-pass-through=-lgcc_s -plugin-opt=-pass-through=-lgcc -plugin-opt=-pass-through=-lpthread -plugin-opt=-pass-through=-lc -plugin-opt=-pass-through=-lgcc_s -plugin-opt=-pass-through=-lgcc --build-id --eh-frame-hdr -m elf_x86_64 --hash-style=gnu --as-needed -dynamic-linker /lib64/ld-linux-x86-64.so.2 -pie -z now -z relro -o cmTC_61816 /usr/lib/gcc/x86_64-linux-gnu/9/../../../x86_64-linux-gnu/Scrt1.o /usr/lib/gcc/x86_64-linux-gnu/9/../../../x86_64-linux-gnu/crti.o /usr/lib/gcc/x86_64-linux-gnu/9/crtbeginS.o /usr/lib/gcc/x86_64-linux-gnu/9/crtoffloadbegin.o -L/usr/lib/gcc/x86_64-linux-gnu/9 -L/usr/lib/gcc/x86_64-linux-gnu/9/../../../x86_64-linux-gnu -L/usr/lib/gcc/x86_64-linux-gnu/9/../../../../lib -L/lib/x86_64-linux-gnu -L/lib/../lib -L/usr/lib/x86_64-linux-gnu -L/usr/lib/../lib -L/usr/lib/gcc/x86_64-linux-gnu/9/../../.. CMakeFiles/cmTC_61816.dir/OpenMPTryFlag.f90.o -lgfortran -lm -lgomp -lgcc_s -lgcc -lquadmath -lm -lgcc_s -lgcc -lpthread -lc -lgcc_s -lgcc /usr/lib/gcc/x86_64-linux-gnu/9/crtendS.o /usr/lib/gcc/x86_64-linux-gnu/9/../../../x86_64-linux-gnu/crtn.o /usr/lib/gcc/x86_64-linux-gnu/9/crtoffloadend.o
COLLECT_GCC_OPTIONS='-std=f2018' '-O3' '-g' '-Wpedantic' '-Wall' '-Wno-unused-dummy-argument' '-cpp' '-fopenmp' '-v' '-o' 'cmTC_61816' '-v' '-shared-libgcc' '-mtune=generic' '-march=x86-64' '-pthread'
make[1]: Leaving directory '/home/lb831/SCONE/Build/CMakeFiles/CMakeTmp'



Parsed Fortran OpenMP implicit link information from above output:
  link line regex: [^( *|.*[/\])(ld|CMAKE_LINK_STARTFILE-NOTFOUND|([^/\]+-)?ld|collect2)[^/\]*( |$)]
  ignore line: [Change Dir: /home/lb831/SCONE/Build/CMakeFiles/CMakeTmp]
  ignore line: []
  ignore line: [Run Build Command(s):/usr/bin/make cmTC_61816/fast && /usr/bin/make -f CMakeFiles/cmTC_61816.dir/build.make CMakeFiles/cmTC_61816.dir/build]
  ignore line: [make[1]: Entering directory '/home/lb831/SCONE/Build/CMakeFiles/CMakeTmp']
  ignore line: [Building Fortran object CMakeFiles/cmTC_61816.dir/OpenMPTryFlag.f90.o]
  ignore line: [/usr/bin/gfortran   -std=f2018 -O3 -g -pedantic -Wall -Wno-unused-dummy-argument -cpp -fopenmp -v   -c /home/lb831/SCONE/Build/CMakeFiles/FindOpenMP/OpenMPTryFlag.f90 -o CMakeFiles/cmTC_61816.dir/OpenMPTryFlag.f90.o]
  ignore line: [Using built-in specs.]
  ignore line: [COLLECT_GCC=/usr/bin/gfortran]
  ignore line: [OFFLOAD_TARGET_NAMES=nvptx-none:hsa]
  ignore line: [OFFLOAD_TARGET_DEFAULT=1]
  ignore line: [Target: x86_64-linux-gnu]
  ignore line: [Configured with: ../src/configure -v --with-pkgversion='Ubuntu 9.4.0-1ubuntu1~20.04.2' --with-bugurl=file:///usr/share/doc/gcc-9/README.Bugs --enable-languages=c ada c++ go brig d fortran objc obj-c++ gm2 --prefix=/usr --with-gcc-major-version-only --program-suffix=-9 --program-prefix=x86_64-linux-gnu- --enable-shared --enable-linker-build-id --libexecdir=/usr/lib --without-included-gettext --enable-threads=posix --libdir=/usr/lib --enable-nls --enable-clocale=gnu --enable-libstdcxx-debug --enable-libstdcxx-time=yes --with-default-libstdcxx-abi=new --enable-gnu-unique-object --disable-vtable-verify --enable-plugin --enable-default-pie --with-system-zlib --with-target-system-zlib=auto --enable-objc-gc=auto --enable-multiarch --disable-werror --with-arch-32=i686 --with-abi=m64 --with-multilib-list=m32 m64 mx32 --enable-multilib --with-tune=generic --enable-offload-targets=nvptx-none=/build/gcc-9-9QDOt0/gcc-9-9.4.0/debian/tmp-nvptx/usr hsa --without-cuda-driver --enable-checking=release --build=x86_64-linux-gnu --host=x86_64-linux-gnu --target=x86_64-linux-gnu]
  ignore line: [Thread model: posix]
  ignore line: [gcc version 9.4.0 (Ubuntu 9.4.0-1ubuntu1~20.04.2) ]
  ignore line: [COLLECT_GCC_OPTIONS='-std=f2018' '-O3' '-g' '-Wpedantic' '-Wall' '-Wno-unused-dummy-argument' '-cpp' '-fopenmp' '-v' '-c' '-o' 'CMakeFiles/cmTC_61816.dir/OpenMPTryFlag.f90.o' '-mtune=generic' '-march=x86-64' '-pthread']
  ignore line: [ /usr/lib/gcc/x86_64-linux-gnu/9/f951 /home/lb831/SCONE/Build/CMakeFiles/FindOpenMP/OpenMPTryFlag.f90 -cpp=/tmp/ccUtaAav.f90 -quiet -v -imultiarch x86_64-linux-gnu -D_REENTRANT /home/lb831/SCONE/Build/CMakeFiles/FindOpenMP/OpenMPTryFlag.f90 -quiet -dumpbase OpenMPTryFlag.f90 -mtune=generic -march=x86-64 -auxbase-strip CMakeFiles/cmTC_61816.dir/OpenMPTryFlag.f90.o -g -O3 -Wpedantic -Wall -Wno-unused-dummy-argument -std=f2018 -version -fopenmp -fintrinsic-modules-path /usr/lib/gcc/x86_64-linux-gnu/9/finclude -fpre-include=/usr/include/finclude/math-vector-fortran.h -o /tmp/ccKvSCNw.s]
  ignore line: [GNU Fortran (Ubuntu 9.4.0-1ubuntu1~20.04.2) version 9.4.0 (x86_64-linux-gnu)]
  ignore line: [	compiled by GNU C version 9.4.0  GMP version 6.2.0  MPFR version 4.0.2  MPC version 1.1.0  isl version isl-0.22.1-GMP]
  ignore line: []
  ignore line: [GGC heuristics: --param ggc-min-expand=100 --param ggc-min-heapsize=131072]
  ignore line: [ignoring nonexistent directory "/usr/local/include/x86_64-linux-gnu"]
  ignore line: [ignoring nonexistent directory "/usr/lib/gcc/x86_64-linux-gnu/9/include-fixed"]
  ignore line: [ignoring nonexistent directory "/usr/lib/gcc/x86_64-linux-gnu/9/../../../../x86_64-linux-gnu/include"]
  ignore line: [#include "..." search starts here:]
  ignore line: [#include <...> search starts here:]
  ignore line: [ /usr/lib/gcc/x86_64-linux-gnu/9/finclude]
  ignore line: [ /usr/lib/gcc/x86_64-linux-gnu/9/include]
  ignore line: [ /usr/local/include]
  ignore line: [ /usr/include/x86_64-linux-gnu]
  ignore line: [ /usr/include]
  ignore line: [End of search list.]
  ignore line: [GNU Fortran2008 (Ubuntu 9.4.0-1ubuntu1~20.04.2) version 9.4.0 (x86_64-linux-gnu)]
  ignore line: [	compiled by GNU C version 9.4.0  GMP version 6.2.0  MPFR version 4.0.2  MPC version 1.1.0  isl version isl-0.22.1-GMP]
  ignore line: []
  ignore line: [GGC heuristics: --param ggc-min-expand=100 --param ggc-min-heapsize=131072]
  ignore line: [COLLECT_GCC_OPTIONS='-std=f2018' '-O3' '-g' '-Wpedantic' '-Wall' '-Wno-unused-dummy-argument' '-cpp' '-fopenmp' '-v' '-c' '-o' 'CMakeFiles/cmTC_61816.dir/OpenMPTryFlag.f90.o' '-mtune=generic' '-march=x86-64' '-pthread']
  ignore line: [ as -v --64 -o CMakeFiles/cmTC_61816.dir/OpenMPTryFlag.f90.o /tmp/ccKvSCNw.s]
  ignore line: [GNU assembler version 2.34 (x86_64-linux-gnu) using BFD version (GNU Binutils for Ubuntu) 2.34]
  ignore line: [COMPILER_PATH=/usr/lib/gcc/x86_64-linux-gnu/9/:/usr/lib/gcc/x86_64-linux-gnu/9/:/usr/lib/gcc/x86_64-linux-gnu/:/usr/lib/gcc/x86_64-linux-gnu/9/:/usr/lib/gcc/x86_64-linux-gnu/]
  ignore line: [LIBRARY_PATH=/usr/lib/gcc/x86_64-linux-gnu/9/:/usr/lib/gcc/x86_64-linux-gnu/9/../../../x86_64-linux-gnu/:/usr/lib/gcc/x86_64-linux-gnu/9/../../../../lib/:/lib/x86_64-linux-gnu/:/lib/../lib/:/usr/lib/x86_64-linux-gnu/:/usr/lib/../lib/:/usr/lib/gcc/x86_64-linux-gnu/9/../../../:/lib/:/usr/lib/]
  ignore line: [COLLECT_GCC_OPTIONS='-std=f2018' '-O3' '-g' '-Wpedantic' '-Wall' '-Wno-unused-dummy-argument' '-cpp' '-fopenmp' '-v' '-c' '-o' 'CMakeFiles/cmTC_61816.dir/OpenMPTryFlag.f90.o' '-mtune=generic' '-march=x86-64' '-pthread']
  ignore line: [Linking Fortran executable cmTC_61816]
  ignore line: [/usr/bin/cmake -E cmake_link_script CMakeFiles/cmTC_61816.dir/link.txt --verbose=1]
  ignore line: [/usr/bin/gfortran     -std=f2018 -O3 -g -pedantic -Wall -Wno-unused-dummy-argument -cpp -fopenmp -v CMakeFiles/cmTC_61816.dir/OpenMPTryFlag.f90.o  -o cmTC_61816  -v ]
  ignore line: [Driving: /usr/bin/gfortran -std=f2018 -O3 -g -pedantic -Wall -Wno-unused-dummy-argument -cpp -fopenmp -v CMakeFiles/cmTC_61816.dir/OpenMPTryFlag.f90.o -o cmTC_61816 -v -l gfortran -l m -shared-libgcc]
  ignore line: [Using built-in specs.]
  ignore line: [COLLECT_GCC=/usr/bin/gfortran]
  ignore line: [COLLECT_LTO_WRAPPER=/usr/lib/gcc/x86_64-linux-gnu/9/lto-wrapper]
  ignore line: [OFFLOAD_TARGET_NAMES=nvptx-none:hsa]
  ignore line: [OFFLOAD_TARGET_DEFAULT=1]
  ignore line: [Target: x86_64-linux-gnu]
  ignore line: [Configured with: ../src/configure -v --with-pkgversion='Ubuntu 9.4.0-1ubuntu1~20.04.2' --with-bugurl=file:///usr/share/doc/gcc-9/README.Bugs --enable-languages=c ada c++ go brig d fortran objc obj-c++ gm2 --prefix=/usr --with-gcc-major-version-only --program-suffix=-9 --program-prefix=x86_64-linux-gnu- --enable-shared --enable-linker-build-id --libexecdir=/usr/lib --without-included-gettext --enable-threads=posix --libdir=/usr/lib --enable-nls --enable-clocale=gnu --enable-libstdcxx-debug --enable-libstdcxx-time=yes --with-default-libstdcxx-abi=new --enable-gnu-unique-object --disable-vtable-verify --enable-plugin --enable-default-pie --with-system-zlib --with-target-system-zlib=auto --enable-objc-gc=auto --enable-multiarch --disable-werror --with-arch-32=i686 --with-abi=m64 --with-multilib-list=m32 m64 mx32 --enable-multilib --with-tune=generic --enable-offload-targets=nvptx-none=/build/gcc-9-9QDOt0/gcc-9-9.4.0/debian/tmp-nvptx/usr hsa --without-cuda-driver --enable-checking=release --build=x86_64-linux-gnu --host=x86_64-linux-gnu --target=x86_64-linux-gnu]
  ignore line: [Thread model: posix]
  ignore line: [gcc version 9.4.0 (Ubuntu 9.4.0-1ubuntu1~20.04.2) ]
  ignore line: [Reading specs from /usr/lib/gcc/x86_64-linux-gnu/9/libgfortran.spec]
  ignore line: [rename spec lib to liborig]
  ignore line: [COLLECT_GCC_OPTIONS='-std=f2018' '-O3' '-g' '-Wpedantic' '-Wall' '-Wno-unused-dummy-argument' '-cpp' '-fopenmp' '-v' '-o' 'cmTC_61816' '-v' '-shared-libgcc' '-mtune=generic' '-march=x86-64' '-pthread']
  ignore line: [COMPILER_PATH=/usr/lib/gcc/x86_64-linux-gnu/9/:/usr/lib/gcc/x86_64-linux-gnu/9/:/usr/lib/gcc/x86_64-linux-gnu/:/usr/lib/gcc/x86_64-linux-gnu/9/:/usr/lib/gcc/x86_64-linux-gnu/]
  ignore line: [LIBRARY_PATH=/usr/lib/gcc/x86_64-linux-gnu/9/:/usr/lib/gcc/x86_64-linux-gnu/9/../../../x86_64-linux-gnu/:/usr/lib/gcc/x86_64-linux-gnu/9/../../../../lib/:/lib/x86_64-linux-gnu/:/lib/../lib/:/usr/lib/x86_64-linux-gnu/:/usr/lib/../lib/:/usr/lib/gcc/x86_64-linux-gnu/9/../../../:/lib/:/usr/lib/]
  ignore line: [Reading specs from /usr/lib/gcc/x86_64-linux-gnu/9/libgomp.spec]
  ignore line: [COLLECT_GCC_OPTIONS='-std=f2018' '-O3' '-g' '-Wpedantic' '-Wall' '-Wno-unused-dummy-argument' '-cpp' '-fopenmp' '-v' '-o' 'cmTC_61816' '-v' '-shared-libgcc' '-mtune=generic' '-march=x86-64' '-pthread']
  link line: [ /usr/lib/gcc/x86_64-linux-gnu/9/collect2 -plugin /usr/lib/gcc/x86_64-linux-gnu/9/liblto_plugin.so -plugin-opt=/usr/lib/gcc/x86_64-linux-gnu/9/lto-wrapper -plugin-opt=-fresolution=/tmp/cchvmvD0.res -plugin-opt=-pass-through=-lgcc_s -plugin-opt=-pass-through=-lgcc -plugin-opt=-pass-through=-lquadmath -plugin-opt=-pass-through=-lm -plugin-opt=-pass-through=-lgcc_s -plugin-opt=-pass-through=-lgcc -plugin-opt=-pass-through=-lpthread -plugin-opt=-pass-through=-lc -plugin-opt=-pass-through=-lgcc_s -plugin-opt=-pass-through=-lgcc --build-id --eh-frame-hdr -m elf_x86_64 --hash-style=gnu --as-needed -dynamic-linker /lib64/ld-linux-x86-64.so.2 -pie -z now -z relro -o cmTC_61816 /usr/lib/gcc/x86_64-linux-gnu/9/../../../x86_64-linux-gnu/Scrt1.o /usr/lib/gcc/x86_64-linux-gnu/9/../../../x86_64-linux-gnu/crti.o /usr/lib/gcc/x86_64-linux-gnu/9/crtbeginS.o /usr/lib/gcc/x86_64-linux-gnu/9/crtoffloadbegin.o -L/usr/lib/gcc/x86_64-linux-gnu/9 -L/usr/lib/gcc/x86_64-linux-gnu/9/../../../x86_64-linux-gnu -L/usr/lib/gcc/x86_64-linux-gnu/9/../../../../lib -L/lib/x86_64-linux-gnu -L/lib/../lib -L/usr/lib/x86_64-linux-gnu -L/usr/lib/../lib -L/usr/lib/gcc/x86_64-linux-gnu/9/../../.. CMakeFiles/cmTC_61816.dir/OpenMPTryFlag.f90.o -lgfortran -lm -lgomp -lgcc_s -lgcc -lquadmath -lm -lgcc_s -lgcc -lpthread -lc -lgcc_s -lgcc /usr/lib/gcc/x86_64-linux-gnu/9/crtendS.o /usr/lib/gcc/x86_64-linux-gnu/9/../../../x86_64-linux-gnu/crtn.o /usr/lib/gcc/x86_64-linux-gnu/9/crtoffloadend.o]
    arg [/usr/lib/gcc/x86_64-linux-gnu/9/collect2] ==> ignore
    arg [-plugin] ==> ignore
    arg [/usr/lib/gcc/x86_64-linux-gnu/9/liblto_plugin.so] ==> ignore
    arg [-plugin-opt=/usr/lib/gcc/x86_64-linux-gnu/9/lto-wrapper] ==> ignore
    arg [-plugin-opt=-fresolution=/tmp/cchvmvD0.res] ==> ignore
    arg [-plugin-opt=-pass-through=-lgcc_s] ==> ignore
    arg [-plugin-opt=-pass-through=-lgcc] ==> ignore
    arg [-plugin-opt=-pass-through=-lquadmath] ==> ignore
    arg [-plugin-opt=-pass-through=-lm] ==> ignore
    arg [-plugin-opt=-pass-through=-lgcc_s] ==> ignore
    arg [-plugin-opt=-pass-through=-lgcc] ==> ignore
    arg [-plugin-opt=-pass-through=-lpthread] ==> ignore
    arg [-plugin-opt=-pass-through=-lc] ==> ignore
    arg [-plugin-opt=-pass-through=-lgcc_s] ==> ignore
    arg [-plugin-opt=-pass-through=-lgcc] ==> ignore
    arg [--build-id] ==> ignore
    arg [--eh-frame-hdr] ==> ignore
    arg [-m] ==> ignore
    arg [elf_x86_64] ==> ignore
    arg [--hash-style=gnu] ==> ignore
    arg [--as-needed] ==> ignore
    arg [-dynamic-linker] ==> ignore
    arg [/lib64/ld-linux-x86-64.so.2] ==> ignore
    arg [-pie] ==> ignore
    arg [-znow] ==> ignore
    arg [-zrelro] ==> ignore
    arg [-o] ==> ignore
    arg [cmTC_61816] ==> ignore
    arg [/usr/lib/gcc/x86_64-linux-gnu/9/../../../x86_64-linux-gnu/Scrt1.o] ==> ignore
    arg [/usr/lib/gcc/x86_64-linux-gnu/9/../../../x86_64-linux-gnu/crti.o] ==> ignore
    arg [/usr/lib/gcc/x86_64-linux-gnu/9/crtbeginS.o] ==> ignore
    arg [/usr/lib/gcc/x86_64-linux-gnu/9/crtoffloadbegin.o] ==> ignore
    arg [-L/usr/lib/gcc/x86_64-linux-gnu/9] ==> dir [/usr/lib/gcc/x86_64-linux-gnu/9]
    arg [-L/usr/lib/gcc/x86_64-linux-gnu/9/../../../x86_64-linux-gnu] ==> dir [/usr/lib/gcc/x86_64-linux-gnu/9/../../../x86_64-linux-gnu]
    arg [-L/usr/lib/gcc/x86_64-linux-gnu/9/../../../../lib] ==> dir [/usr/lib/gcc/x86_64-linux-gnu/9/../../../../lib]
    arg [-L/lib/x86_64-linux-gnu] ==> dir [/lib/x86_64-linux-gnu]
    arg [-L/lib/../lib] ==> dir [/lib/../lib]
    arg [-L/usr/lib/x86_64-linux-gnu] ==> dir [/usr/lib/x86_64-linux-gnu]
    arg [-L/usr/lib/../lib] ==> dir [/usr/lib/../lib]
    arg [-L/usr/lib/gcc/x86_64-linux-gnu/9/../../..] ==> dir [/usr/lib/gcc/x86_64-linux-gnu/9/../../..]
    arg [CMakeFiles/cmTC_61816.dir/OpenMPTryFlag.f90.o] ==> ignore
    arg [-lgfortran] ==> lib [gfortran]
    arg [-lm] ==> lib [m]
    arg [-lgomp] ==> lib [gomp]
    arg [-lgcc_s] ==> lib [gcc_s]
    arg [-lgcc] ==> lib [gcc]
    arg [-lquadmath] ==> lib [quadmath]
    arg [-lm] ==> lib [m]
    arg [-lgcc_s] ==> lib [gcc_s]
    arg [-lgcc] ==> lib [gcc]
    arg [-lpthread] ==> lib [pthread]
    arg [-lc] ==> lib [c]
    arg [-lgcc_s] ==> lib [gcc_s]
    arg [-lgcc] ==> lib [gcc]
    arg [/usr/lib/gcc/x86_64-linux-gnu/9/crtendS.o] ==> ignore
    arg [/usr/lib/gcc/x86_64-linux-gnu/9/../../../x86_64-linux-gnu/crtn.o] ==> ignore
    arg [/usr/lib/gcc/x86_64-linux-gnu/9/crtoffloadend.o] ==> ignore
  collapse library dir [/usr/lib/gcc/x86_64-linux-gnu/9] ==> [/usr/lib/gcc/x86_64-linux-gnu/9]
  collapse library dir [/usr/lib/gcc/x86_64-linux-gnu/9/../../../x86_64-linux-gnu] ==> [/usr/lib/x86_64-linux-gnu]
  collapse library dir [/usr/lib/gcc/x86_64-linux-gnu/9/../../../../lib] ==> [/usr/lib]
  collapse library dir [/lib/x86_64-linux-gnu] ==> [/lib/x86_64-linux-gnu]
  collapse library dir [/lib/../lib] ==> [/lib]
  collapse library dir [/usr/lib/x86_64-linux-gnu] ==> [/usr/lib/x86_64-linux-gnu]
  collapse library dir [/usr/lib/../lib] ==> [/usr/lib]
  collapse library dir [/usr/lib/gcc/x86_64-linux-gnu/9/../../..] ==> [/usr/lib]
  implicit libs: [gfortran;m;gomp;gcc_s;gcc;quadmath;m;gcc_s;gcc;pthread;c;gcc_s;gcc]
  implicit dirs: [/usr/lib/gcc/x86_64-linux-gnu/9;/usr/lib/x86_64-linux-gnu;/usr/lib;/lib/x86_64-linux-gnu;/lib]
  implicit fwks: []


Detecting Fortran OpenMP compiler ABI info compiled with the following output:
Change Dir: /home/lb831/SCONE/Build/CMakeFiles/CMakeTmp

Run Build Command(s):/usr/bin/make cmTC_922bb/fast && /usr/bin/make -f CMakeFiles/cmTC_922bb.dir/build.make CMakeFiles/cmTC_922bb.dir/build
make[1]: Entering directory '/home/lb831/SCONE/Build/CMakeFiles/CMakeTmp'
Building Fortran object CMakeFiles/cmTC_922bb.dir/OpenMPTryFlag.f90.o
/usr/bin/gfortran   -std=f2018 -O3 -g -pedantic -Wall -Wno-unused-dummy-argument -cpp -fopenmp -v   -c /home/lb831/SCONE/Build/CMakeFiles/FindOpenMP/OpenMPTryFlag.f90 -o CMakeFiles/cmTC_922bb.dir/OpenMPTryFlag.f90.o
Using built-in specs.
COLLECT_GCC=/usr/bin/gfortran
OFFLOAD_TARGET_NAMES=nvptx-none:hsa
OFFLOAD_TARGET_DEFAULT=1
Target: x86_64-linux-gnu
Configured with: ../src/configure -v --with-pkgversion='Ubuntu 9.4.0-1ubuntu1~20.04.2' --with-bugurl=file:///usr/share/doc/gcc-9/README.Bugs --enable-languages=c,ada,c++,go,brig,d,fortran,objc,obj-c++,gm2 --prefix=/usr --with-gcc-major-version-only --program-suffix=-9 --program-prefix=x86_64-linux-gnu- --enable-shared --enable-linker-build-id --libexecdir=/usr/lib --without-included-gettext --enable-threads=posix --libdir=/usr/lib --enable-nls --enable-clocale=gnu --enable-libstdcxx-debug --enable-libstdcxx-time=yes --with-default-libstdcxx-abi=new --enable-gnu-unique-object --disable-vtable-verify --enable-plugin --enable-default-pie --with-system-zlib --with-target-system-zlib=auto --enable-objc-gc=auto --enable-multiarch --disable-werror --with-arch-32=i686 --with-abi=m64 --with-multilib-list=m32,m64,mx32 --enable-multilib --with-tune=generic --enable-offload-targets=nvptx-none=/build/gcc-9-9QDOt0/gcc-9-9.4.0/debian/tmp-nvptx/usr,hsa --without-cuda-driver --enable-checking=release --build=x86_64-linux-gnu --host=x86_64-linux-gnu --target=x86_64-linux-gnu
Thread model: posix
gcc version 9.4.0 (Ubuntu 9.4.0-1ubuntu1~20.04.2) 
COLLECT_GCC_OPTIONS='-std=f2018' '-O3' '-g' '-Wpedantic' '-Wall' '-Wno-unused-dummy-argument' '-cpp' '-fopenmp' '-v' '-c' '-o' 'CMakeFiles/cmTC_922bb.dir/OpenMPTryFlag.f90.o' '-mtune=generic' '-march=x86-64' '-pthread'
 /usr/lib/gcc/x86_64-linux-gnu/9/f951 /home/lb831/SCONE/Build/CMakeFiles/FindOpenMP/OpenMPTryFlag.f90 -cpp=/tmp/ccfQgGnu.f90 -quiet -v -imultiarch x86_64-linux-gnu -D_REENTRANT /home/lb831/SCONE/Build/CMakeFiles/FindOpenMP/OpenMPTryFlag.f90 -quiet -dumpbase OpenMPTryFlag.f90 -mtune=generic -march=x86-64 -auxbase-strip CMakeFiles/cmTC_922bb.dir/OpenMPTryFlag.f90.o -g -O3 -Wpedantic -Wall -Wno-unused-dummy-argument -std=f2018 -version -fopenmp -fintrinsic-modules-path /usr/lib/gcc/x86_64-linux-gnu/9/finclude -fpre-include=/usr/include/finclude/math-vector-fortran.h -o /tmp/cc4XwRgu.s
GNU Fortran (Ubuntu 9.4.0-1ubuntu1~20.04.2) version 9.4.0 (x86_64-linux-gnu)
	compiled by GNU C version 9.4.0, GMP version 6.2.0, MPFR version 4.0.2, MPC version 1.1.0, isl version isl-0.22.1-GMP

GGC heuristics: --param ggc-min-expand=100 --param ggc-min-heapsize=131072
ignoring nonexistent directory "/usr/local/include/x86_64-linux-gnu"
ignoring nonexistent directory "/usr/lib/gcc/x86_64-linux-gnu/9/include-fixed"
ignoring nonexistent directory "/usr/lib/gcc/x86_64-linux-gnu/9/../../../../x86_64-linux-gnu/include"
#include "..." search starts here:
#include <...> search starts here:
 /usr/lib/gcc/x86_64-linux-gnu/9/finclude
 /usr/lib/gcc/x86_64-linux-gnu/9/include
 /usr/local/include
 /usr/include/x86_64-linux-gnu
 /usr/include
End of search list.
GNU Fortran2008 (Ubuntu 9.4.0-1ubuntu1~20.04.2) version 9.4.0 (x86_64-linux-gnu)
	compiled by GNU C version 9.4.0, GMP version 6.2.0, MPFR version 4.0.2, MPC version 1.1.0, isl version isl-0.22.1-GMP

GGC heuristics: --param ggc-min-expand=100 --param ggc-min-heapsize=131072
COLLECT_GCC_OPTIONS='-std=f2018' '-O3' '-g' '-Wpedantic' '-Wall' '-Wno-unused-dummy-argument' '-cpp' '-fopenmp' '-v' '-c' '-o' 'CMakeFiles/cmTC_922bb.dir/OpenMPTryFlag.f90.o' '-mtune=generic' '-march=x86-64' '-pthread'
 as -v --64 -o CMakeFiles/cmTC_922bb.dir/OpenMPTryFlag.f90.o /tmp/cc4XwRgu.s
GNU assembler version 2.34 (x86_64-linux-gnu) using BFD version (GNU Binutils for Ubuntu) 2.34
COMPILER_PATH=/usr/lib/gcc/x86_64-linux-gnu/9/:/usr/lib/gcc/x86_64-linux-gnu/9/:/usr/lib/gcc/x86_64-linux-gnu/:/usr/lib/gcc/x86_64-linux-gnu/9/:/usr/lib/gcc/x86_64-linux-gnu/
LIBRARY_PATH=/usr/lib/gcc/x86_64-linux-gnu/9/:/usr/lib/gcc/x86_64-linux-gnu/9/../../../x86_64-linux-gnu/:/usr/lib/gcc/x86_64-linux-gnu/9/../../../../lib/:/lib/x86_64-linux-gnu/:/lib/../lib/:/usr/lib/x86_64-linux-gnu/:/usr/lib/../lib/:/usr/lib/gcc/x86_64-linux-gnu/9/../../../:/lib/:/usr/lib/
COLLECT_GCC_OPTIONS='-std=f2018' '-O3' '-g' '-Wpedantic' '-Wall' '-Wno-unused-dummy-argument' '-cpp' '-fopenmp' '-v' '-c' '-o' 'CMakeFiles/cmTC_922bb.dir/OpenMPTryFlag.f90.o' '-mtune=generic' '-march=x86-64' '-pthread'
Linking Fortran executable cmTC_922bb
/usr/bin/cmake -E cmake_link_script CMakeFiles/cmTC_922bb.dir/link.txt --verbose=1
/usr/bin/gfortran     -std=f2018 -O3 -g -pedantic -Wall -Wno-unused-dummy-argument -cpp -fopenmp -v CMakeFiles/cmTC_922bb.dir/OpenMPTryFlag.f90.o  -o cmTC_922bb  -v 
Driving: /usr/bin/gfortran -std=f2018 -O3 -g -pedantic -Wall -Wno-unused-dummy-argument -cpp -fopenmp -v CMakeFiles/cmTC_922bb.dir/OpenMPTryFlag.f90.o -o cmTC_922bb -v -l gfortran -l m -shared-libgcc
Using built-in specs.
COLLECT_GCC=/usr/bin/gfortran
COLLECT_LTO_WRAPPER=/usr/lib/gcc/x86_64-linux-gnu/9/lto-wrapper
OFFLOAD_TARGET_NAMES=nvptx-none:hsa
OFFLOAD_TARGET_DEFAULT=1
Target: x86_64-linux-gnu
Configured with: ../src/configure -v --with-pkgversion='Ubuntu 9.4.0-1ubuntu1~20.04.2' --with-bugurl=file:///usr/share/doc/gcc-9/README.Bugs --enable-languages=c,ada,c++,go,brig,d,fortran,objc,obj-c++,gm2 --prefix=/usr --with-gcc-major-version-only --program-suffix=-9 --program-prefix=x86_64-linux-gnu- --enable-shared --enable-linker-build-id --libexecdir=/usr/lib --without-included-gettext --enable-threads=posix --libdir=/usr/lib --enable-nls --enable-clocale=gnu --enable-libstdcxx-debug --enable-libstdcxx-time=yes --with-default-libstdcxx-abi=new --enable-gnu-unique-object --disable-vtable-verify --enable-plugin --enable-default-pie --with-system-zlib --with-target-system-zlib=auto --enable-objc-gc=auto --enable-multiarch --disable-werror --with-arch-32=i686 --with-abi=m64 --with-multilib-list=m32,m64,mx32 --enable-multilib --with-tune=generic --enable-offload-targets=nvptx-none=/build/gcc-9-9QDOt0/gcc-9-9.4.0/debian/tmp-nvptx/usr,hsa --without-cuda-driver --enable-checking=release --build=x86_64-linux-gnu --host=x86_64-linux-gnu --target=x86_64-linux-gnu
Thread model: posix
gcc version 9.4.0 (Ubuntu 9.4.0-1ubuntu1~20.04.2) 
Reading specs from /usr/lib/gcc/x86_64-linux-gnu/9/libgfortran.spec
rename spec lib to liborig
COLLECT_GCC_OPTIONS='-std=f2018' '-O3' '-g' '-Wpedantic' '-Wall' '-Wno-unused-dummy-argument' '-cpp' '-fopenmp' '-v' '-o' 'cmTC_922bb' '-v' '-shared-libgcc' '-mtune=generic' '-march=x86-64' '-pthread'
COMPILER_PATH=/usr/lib/gcc/x86_64-linux-gnu/9/:/usr/lib/gcc/x86_64-linux-gnu/9/:/usr/lib/gcc/x86_64-linux-gnu/:/usr/lib/gcc/x86_64-linux-gnu/9/:/usr/lib/gcc/x86_64-linux-gnu/
LIBRARY_PATH=/usr/lib/gcc/x86_64-linux-gnu/9/:/usr/lib/gcc/x86_64-linux-gnu/9/../../../x86_64-linux-gnu/:/usr/lib/gcc/x86_64-linux-gnu/9/../../../../lib/:/lib/x86_64-linux-gnu/:/lib/../lib/:/usr/lib/x86_64-linux-gnu/:/usr/lib/../lib/:/usr/lib/gcc/x86_64-linux-gnu/9/../../../:/lib/:/usr/lib/
Reading specs from /usr/lib/gcc/x86_64-linux-gnu/9/libgomp.spec
COLLECT_GCC_OPTIONS='-std=f2018' '-O3' '-g' '-Wpedantic' '-Wall' '-Wno-unused-dummy-argument' '-cpp' '-fopenmp' '-v' '-o' 'cmTC_922bb' '-v' '-shared-libgcc' '-mtune=generic' '-march=x86-64' '-pthread'
 /usr/lib/gcc/x86_64-linux-gnu/9/collect2 -plugin /usr/lib/gcc/x86_64-linux-gnu/9/liblto_plugin.so -plugin-opt=/usr/lib/gcc/x86_64-linux-gnu/9/lto-wrapper -plugin-opt=-fresolution=/tmp/cciS9iHV.res -plugin-opt=-pass-through=-lgcc_s -plugin-opt=-pass-through=-lgcc -plugin-opt=-pass-through=-lquadmath -plugin-opt=-pass-through=-lm -plugin-opt=-pass-through=-lgcc_s -plugin-opt=-pass-through=-lgcc -plugin-opt=-pass-through=-lpthread -plugin-opt=-pass-through=-lc -plugin-opt=-pass-through=-lgcc_s -plugin-opt=-pass-through=-lgcc --build-id --eh-frame-hdr -m elf_x86_64 --hash-style=gnu --as-needed -dynamic-linker /lib64/ld-linux-x86-64.so.2 -pie -z now -z relro -o cmTC_922bb /usr/lib/gcc/x86_64-linux-gnu/9/../../../x86_64-linux-gnu/Scrt1.o /usr/lib/gcc/x86_64-linux-gnu/9/../../../x86_64-linux-gnu/crti.o /usr/lib/gcc/x86_64-linux-gnu/9/crtbeginS.o /usr/lib/gcc/x86_64-linux-gnu/9/crtoffloadbegin.o -L/usr/lib/gcc/x86_64-linux-gnu/9 -L/usr/lib/gcc/x86_64-linux-gnu/9/../../../x86_64-linux-gnu -L/usr/lib/gcc/x86_64-linux-gnu/9/../../../../lib -L/lib/x86_64-linux-gnu -L/lib/../lib -L/usr/lib/x86_64-linux-gnu -L/usr/lib/../lib -L/usr/lib/gcc/x86_64-linux-gnu/9/../../.. CMakeFiles/cmTC_922bb.dir/OpenMPTryFlag.f90.o -lgfortran -lm -lgomp -lgcc_s -lgcc -lquadmath -lm -lgcc_s -lgcc -lpthread -lc -lgcc_s -lgcc /usr/lib/gcc/x86_64-linux-gnu/9/crtendS.o /usr/lib/gcc/x86_64-linux-gnu/9/../../../x86_64-linux-gnu/crtn.o /usr/lib/gcc/x86_64-linux-gnu/9/crtoffloadend.o
COLLECT_GCC_OPTIONS='-std=f2018' '-O3' '-g' '-Wpedantic' '-Wall' '-Wno-unused-dummy-argument' '-cpp' '-fopenmp' '-v' '-o' 'cmTC_922bb' '-v' '-shared-libgcc' '-mtune=generic' '-march=x86-64' '-pthread'
make[1]: Leaving directory '/home/lb831/SCONE/Build/CMakeFiles/CMakeTmp'



Parsed Fortran OpenMP implicit link information from above output:
  link line regex: [^( *|.*[/\])(ld|CMAKE_LINK_STARTFILE-NOTFOUND|([^/\]+-)?ld|collect2)[^/\]*( |$)]
  ignore line: [Change Dir: /home/lb831/SCONE/Build/CMakeFiles/CMakeTmp]
  ignore line: []
  ignore line: [Run Build Command(s):/usr/bin/make cmTC_922bb/fast && /usr/bin/make -f CMakeFiles/cmTC_922bb.dir/build.make CMakeFiles/cmTC_922bb.dir/build]
  ignore line: [make[1]: Entering directory '/home/lb831/SCONE/Build/CMakeFiles/CMakeTmp']
  ignore line: [Building Fortran object CMakeFiles/cmTC_922bb.dir/OpenMPTryFlag.f90.o]
  ignore line: [/usr/bin/gfortran   -std=f2018 -O3 -g -pedantic -Wall -Wno-unused-dummy-argument -cpp -fopenmp -v   -c /home/lb831/SCONE/Build/CMakeFiles/FindOpenMP/OpenMPTryFlag.f90 -o CMakeFiles/cmTC_922bb.dir/OpenMPTryFlag.f90.o]
  ignore line: [Using built-in specs.]
  ignore line: [COLLECT_GCC=/usr/bin/gfortran]
  ignore line: [OFFLOAD_TARGET_NAMES=nvptx-none:hsa]
  ignore line: [OFFLOAD_TARGET_DEFAULT=1]
  ignore line: [Target: x86_64-linux-gnu]
  ignore line: [Configured with: ../src/configure -v --with-pkgversion='Ubuntu 9.4.0-1ubuntu1~20.04.2' --with-bugurl=file:///usr/share/doc/gcc-9/README.Bugs --enable-languages=c ada c++ go brig d fortran objc obj-c++ gm2 --prefix=/usr --with-gcc-major-version-only --program-suffix=-9 --program-prefix=x86_64-linux-gnu- --enable-shared --enable-linker-build-id --libexecdir=/usr/lib --without-included-gettext --enable-threads=posix --libdir=/usr/lib --enable-nls --enable-clocale=gnu --enable-libstdcxx-debug --enable-libstdcxx-time=yes --with-default-libstdcxx-abi=new --enable-gnu-unique-object --disable-vtable-verify --enable-plugin --enable-default-pie --with-system-zlib --with-target-system-zlib=auto --enable-objc-gc=auto --enable-multiarch --disable-werror --with-arch-32=i686 --with-abi=m64 --with-multilib-list=m32 m64 mx32 --enable-multilib --with-tune=generic --enable-offload-targets=nvptx-none=/build/gcc-9-9QDOt0/gcc-9-9.4.0/debian/tmp-nvptx/usr hsa --without-cuda-driver --enable-checking=release --build=x86_64-linux-gnu --host=x86_64-linux-gnu --target=x86_64-linux-gnu]
  ignore line: [Thread model: posix]
  ignore line: [gcc version 9.4.0 (Ubuntu 9.4.0-1ubuntu1~20.04.2) ]
  ignore line: [COLLECT_GCC_OPTIONS='-std=f2018' '-O3' '-g' '-Wpedantic' '-Wall' '-Wno-unused-dummy-argument' '-cpp' '-fopenmp' '-v' '-c' '-o' 'CMakeFiles/cmTC_922bb.dir/OpenMPTryFlag.f90.o' '-mtune=generic' '-march=x86-64' '-pthread']
  ignore line: [ /usr/lib/gcc/x86_64-linux-gnu/9/f951 /home/lb831/SCONE/Build/CMakeFiles/FindOpenMP/OpenMPTryFlag.f90 -cpp=/tmp/ccfQgGnu.f90 -quiet -v -imultiarch x86_64-linux-gnu -D_REENTRANT /home/lb831/SCONE/Build/CMakeFiles/FindOpenMP/OpenMPTryFlag.f90 -quiet -dumpbase OpenMPTryFlag.f90 -mtune=generic -march=x86-64 -auxbase-strip CMakeFiles/cmTC_922bb.dir/OpenMPTryFlag.f90.o -g -O3 -Wpedantic -Wall -Wno-unused-dummy-argument -std=f2018 -version -fopenmp -fintrinsic-modules-path /usr/lib/gcc/x86_64-linux-gnu/9/finclude -fpre-include=/usr/include/finclude/math-vector-fortran.h -o /tmp/cc4XwRgu.s]
  ignore line: [GNU Fortran (Ubuntu 9.4.0-1ubuntu1~20.04.2) version 9.4.0 (x86_64-linux-gnu)]
  ignore line: [	compiled by GNU C version 9.4.0  GMP version 6.2.0  MPFR version 4.0.2  MPC version 1.1.0  isl version isl-0.22.1-GMP]
  ignore line: []
  ignore line: [GGC heuristics: --param ggc-min-expand=100 --param ggc-min-heapsize=131072]
  ignore line: [ignoring nonexistent directory "/usr/local/include/x86_64-linux-gnu"]
  ignore line: [ignoring nonexistent directory "/usr/lib/gcc/x86_64-linux-gnu/9/include-fixed"]
  ignore line: [ignoring nonexistent directory "/usr/lib/gcc/x86_64-linux-gnu/9/../../../../x86_64-linux-gnu/include"]
  ignore line: [#include "..." search starts here:]
  ignore line: [#include <...> search starts here:]
  ignore line: [ /usr/lib/gcc/x86_64-linux-gnu/9/finclude]
  ignore line: [ /usr/lib/gcc/x86_64-linux-gnu/9/include]
  ignore line: [ /usr/local/include]
  ignore line: [ /usr/include/x86_64-linux-gnu]
  ignore line: [ /usr/include]
  ignore line: [End of search list.]
  ignore line: [GNU Fortran2008 (Ubuntu 9.4.0-1ubuntu1~20.04.2) version 9.4.0 (x86_64-linux-gnu)]
  ignore line: [	compiled by GNU C version 9.4.0  GMP version 6.2.0  MPFR version 4.0.2  MPC version 1.1.0  isl version isl-0.22.1-GMP]
  ignore line: []
  ignore line: [GGC heuristics: --param ggc-min-expand=100 --param ggc-min-heapsize=131072]
  ignore line: [COLLECT_GCC_OPTIONS='-std=f2018' '-O3' '-g' '-Wpedantic' '-Wall' '-Wno-unused-dummy-argument' '-cpp' '-fopenmp' '-v' '-c' '-o' 'CMakeFiles/cmTC_922bb.dir/OpenMPTryFlag.f90.o' '-mtune=generic' '-march=x86-64' '-pthread']
  ignore line: [ as -v --64 -o CMakeFiles/cmTC_922bb.dir/OpenMPTryFlag.f90.o /tmp/cc4XwRgu.s]
  ignore line: [GNU assembler version 2.34 (x86_64-linux-gnu) using BFD version (GNU Binutils for Ubuntu) 2.34]
  ignore line: [COMPILER_PATH=/usr/lib/gcc/x86_64-linux-gnu/9/:/usr/lib/gcc/x86_64-linux-gnu/9/:/usr/lib/gcc/x86_64-linux-gnu/:/usr/lib/gcc/x86_64-linux-gnu/9/:/usr/lib/gcc/x86_64-linux-gnu/]
  ignore line: [LIBRARY_PATH=/usr/lib/gcc/x86_64-linux-gnu/9/:/usr/lib/gcc/x86_64-linux-gnu/9/../../../x86_64-linux-gnu/:/usr/lib/gcc/x86_64-linux-gnu/9/../../../../lib/:/lib/x86_64-linux-gnu/:/lib/../lib/:/usr/lib/x86_64-linux-gnu/:/usr/lib/../lib/:/usr/lib/gcc/x86_64-linux-gnu/9/../../../:/lib/:/usr/lib/]
  ignore line: [COLLECT_GCC_OPTIONS='-std=f2018' '-O3' '-g' '-Wpedantic' '-Wall' '-Wno-unused-dummy-argument' '-cpp' '-fopenmp' '-v' '-c' '-o' 'CMakeFiles/cmTC_922bb.dir/OpenMPTryFlag.f90.o' '-mtune=generic' '-march=x86-64' '-pthread']
  ignore line: [Linking Fortran executable cmTC_922bb]
  ignore line: [/usr/bin/cmake -E cmake_link_script CMakeFiles/cmTC_922bb.dir/link.txt --verbose=1]
  ignore line: [/usr/bin/gfortran     -std=f2018 -O3 -g -pedantic -Wall -Wno-unused-dummy-argument -cpp -fopenmp -v CMakeFiles/cmTC_922bb.dir/OpenMPTryFlag.f90.o  -o cmTC_922bb  -v ]
  ignore line: [Driving: /usr/bin/gfortran -std=f2018 -O3 -g -pedantic -Wall -Wno-unused-dummy-argument -cpp -fopenmp -v CMakeFiles/cmTC_922bb.dir/OpenMPTryFlag.f90.o -o cmTC_922bb -v -l gfortran -l m -shared-libgcc]
  ignore line: [Using built-in specs.]
  ignore line: [COLLECT_GCC=/usr/bin/gfortran]
  ignore line: [COLLECT_LTO_WRAPPER=/usr/lib/gcc/x86_64-linux-gnu/9/lto-wrapper]
  ignore line: [OFFLOAD_TARGET_NAMES=nvptx-none:hsa]
  ignore line: [OFFLOAD_TARGET_DEFAULT=1]
  ignore line: [Target: x86_64-linux-gnu]
  ignore line: [Configured with: ../src/configure -v --with-pkgversion='Ubuntu 9.4.0-1ubuntu1~20.04.2' --with-bugurl=file:///usr/share/doc/gcc-9/README.Bugs --enable-languages=c ada c++ go brig d fortran objc obj-c++ gm2 --prefix=/usr --with-gcc-major-version-only --program-suffix=-9 --program-prefix=x86_64-linux-gnu- --enable-shared --enable-linker-build-id --libexecdir=/usr/lib --without-included-gettext --enable-threads=posix --libdir=/usr/lib --enable-nls --enable-clocale=gnu --enable-libstdcxx-debug --enable-libstdcxx-time=yes --with-default-libstdcxx-abi=new --enable-gnu-unique-object --disable-vtable-verify --enable-plugin --enable-default-pie --with-system-zlib --with-target-system-zlib=auto --enable-objc-gc=auto --enable-multiarch --disable-werror --with-arch-32=i686 --with-abi=m64 --with-multilib-list=m32 m64 mx32 --enable-multilib --with-tune=generic --enable-offload-targets=nvptx-none=/build/gcc-9-9QDOt0/gcc-9-9.4.0/debian/tmp-nvptx/usr hsa --without-cuda-driver --enable-checking=release --build=x86_64-linux-gnu --host=x86_64-linux-gnu --target=x86_64-linux-gnu]
  ignore line: [Thread model: posix]
  ignore line: [gcc version 9.4.0 (Ubuntu 9.4.0-1ubuntu1~20.04.2) ]
  ignore line: [Reading specs from /usr/lib/gcc/x86_64-linux-gnu/9/libgfortran.spec]
  ignore line: [rename spec lib to liborig]
  ignore line: [COLLECT_GCC_OPTIONS='-std=f2018' '-O3' '-g' '-Wpedantic' '-Wall' '-Wno-unused-dummy-argument' '-cpp' '-fopenmp' '-v' '-o' 'cmTC_922bb' '-v' '-shared-libgcc' '-mtune=generic' '-march=x86-64' '-pthread']
  ignore line: [COMPILER_PATH=/usr/lib/gcc/x86_64-linux-gnu/9/:/usr/lib/gcc/x86_64-linux-gnu/9/:/usr/lib/gcc/x86_64-linux-gnu/:/usr/lib/gcc/x86_64-linux-gnu/9/:/usr/lib/gcc/x86_64-linux-gnu/]
  ignore line: [LIBRARY_PATH=/usr/lib/gcc/x86_64-linux-gnu/9/:/usr/lib/gcc/x86_64-linux-gnu/9/../../../x86_64-linux-gnu/:/usr/lib/gcc/x86_64-linux-gnu/9/../../../../lib/:/lib/x86_64-linux-gnu/:/lib/../lib/:/usr/lib/x86_64-linux-gnu/:/usr/lib/../lib/:/usr/lib/gcc/x86_64-linux-gnu/9/../../../:/lib/:/usr/lib/]
  ignore line: [Reading specs from /usr/lib/gcc/x86_64-linux-gnu/9/libgomp.spec]
  ignore line: [COLLECT_GCC_OPTIONS='-std=f2018' '-O3' '-g' '-Wpedantic' '-Wall' '-Wno-unused-dummy-argument' '-cpp' '-fopenmp' '-v' '-o' 'cmTC_922bb' '-v' '-shared-libgcc' '-mtune=generic' '-march=x86-64' '-pthread']
  link line: [ /usr/lib/gcc/x86_64-linux-gnu/9/collect2 -plugin /usr/lib/gcc/x86_64-linux-gnu/9/liblto_plugin.so -plugin-opt=/usr/lib/gcc/x86_64-linux-gnu/9/lto-wrapper -plugin-opt=-fresolution=/tmp/cciS9iHV.res -plugin-opt=-pass-through=-lgcc_s -plugin-opt=-pass-through=-lgcc -plugin-opt=-pass-through=-lquadmath -plugin-opt=-pass-through=-lm -plugin-opt=-pass-through=-lgcc_s -plugin-opt=-pass-through=-lgcc -plugin-opt=-pass-through=-lpthread -plugin-opt=-pass-through=-lc -plugin-opt=-pass-through=-lgcc_s -plugin-opt=-pass-through=-lgcc --build-id --eh-frame-hdr -m elf_x86_64 --hash-style=gnu --as-needed -dynamic-linker /lib64/ld-linux-x86-64.so.2 -pie -z now -z relro -o cmTC_922bb /usr/lib/gcc/x86_64-linux-gnu/9/../../../x86_64-linux-gnu/Scrt1.o /usr/lib/gcc/x86_64-linux-gnu/9/../../../x86_64-linux-gnu/crti.o /usr/lib/gcc/x86_64-linux-gnu/9/crtbeginS.o /usr/lib/gcc/x86_64-linux-gnu/9/crtoffloadbegin.o -L/usr/lib/gcc/x86_64-linux-gnu/9 -L/usr/lib/gcc/x86_64-linux-gnu/9/../../../x86_64-linux-gnu -L/usr/lib/gcc/x86_64-linux-gnu/9/../../../../lib -L/lib/x86_64-linux-gnu -L/lib/../lib -L/usr/lib/x86_64-linux-gnu -L/usr/lib/../lib -L/usr/lib/gcc/x86_64-linux-gnu/9/../../.. CMakeFiles/cmTC_922bb.dir/OpenMPTryFlag.f90.o -lgfortran -lm -lgomp -lgcc_s -lgcc -lquadmath -lm -lgcc_s -lgcc -lpthread -lc -lgcc_s -lgcc /usr/lib/gcc/x86_64-linux-gnu/9/crtendS.o /usr/lib/gcc/x86_64-linux-gnu/9/../../../x86_64-linux-gnu/crtn.o /usr/lib/gcc/x86_64-linux-gnu/9/crtoffloadend.o]
    arg [/usr/lib/gcc/x86_64-linux-gnu/9/collect2] ==> ignore
    arg [-plugin] ==> ignore
    arg [/usr/lib/gcc/x86_64-linux-gnu/9/liblto_plugin.so] ==> ignore
    arg [-plugin-opt=/usr/lib/gcc/x86_64-linux-gnu/9/lto-wrapper] ==> ignore
    arg [-plugin-opt=-fresolution=/tmp/cciS9iHV.res] ==> ignore
    arg [-plugin-opt=-pass-through=-lgcc_s] ==> ignore
    arg [-plugin-opt=-pass-through=-lgcc] ==> ignore
    arg [-plugin-opt=-pass-through=-lquadmath] ==> ignore
    arg [-plugin-opt=-pass-through=-lm] ==> ignore
    arg [-plugin-opt=-pass-through=-lgcc_s] ==> ignore
    arg [-plugin-opt=-pass-through=-lgcc] ==> ignore
    arg [-plugin-opt=-pass-through=-lpthread] ==> ignore
    arg [-plugin-opt=-pass-through=-lc] ==> ignore
    arg [-plugin-opt=-pass-through=-lgcc_s] ==> ignore
    arg [-plugin-opt=-pass-through=-lgcc] ==> ignore
    arg [--build-id] ==> ignore
    arg [--eh-frame-hdr] ==> ignore
    arg [-m] ==> ignore
    arg [elf_x86_64] ==> ignore
    arg [--hash-style=gnu] ==> ignore
    arg [--as-needed] ==> ignore
    arg [-dynamic-linker] ==> ignore
    arg [/lib64/ld-linux-x86-64.so.2] ==> ignore
    arg [-pie] ==> ignore
    arg [-znow] ==> ignore
    arg [-zrelro] ==> ignore
    arg [-o] ==> ignore
    arg [cmTC_922bb] ==> ignore
    arg [/usr/lib/gcc/x86_64-linux-gnu/9/../../../x86_64-linux-gnu/Scrt1.o] ==> ignore
    arg [/usr/lib/gcc/x86_64-linux-gnu/9/../../../x86_64-linux-gnu/crti.o] ==> ignore
    arg [/usr/lib/gcc/x86_64-linux-gnu/9/crtbeginS.o] ==> ignore
    arg [/usr/lib/gcc/x86_64-linux-gnu/9/crtoffloadbegin.o] ==> ignore
    arg [-L/usr/lib/gcc/x86_64-linux-gnu/9] ==> dir [/usr/lib/gcc/x86_64-linux-gnu/9]
    arg [-L/usr/lib/gcc/x86_64-linux-gnu/9/../../../x86_64-linux-gnu] ==> dir [/usr/lib/gcc/x86_64-linux-gnu/9/../../../x86_64-linux-gnu]
    arg [-L/usr/lib/gcc/x86_64-linux-gnu/9/../../../../lib] ==> dir [/usr/lib/gcc/x86_64-linux-gnu/9/../../../../lib]
    arg [-L/lib/x86_64-linux-gnu] ==> dir [/lib/x86_64-linux-gnu]
    arg [-L/lib/../lib] ==> dir [/lib/../lib]
    arg [-L/usr/lib/x86_64-linux-gnu] ==> dir [/usr/lib/x86_64-linux-gnu]
    arg [-L/usr/lib/../lib] ==> dir [/usr/lib/../lib]
    arg [-L/usr/lib/gcc/x86_64-linux-gnu/9/../../..] ==> dir [/usr/lib/gcc/x86_64-linux-gnu/9/../../..]
    arg [CMakeFiles/cmTC_922bb.dir/OpenMPTryFlag.f90.o] ==> ignore
    arg [-lgfortran] ==> lib [gfortran]
    arg [-lm] ==> lib [m]
    arg [-lgomp] ==> lib [gomp]
    arg [-lgcc_s] ==> lib [gcc_s]
    arg [-lgcc] ==> lib [gcc]
    arg [-lquadmath] ==> lib [quadmath]
    arg [-lm] ==> lib [m]
    arg [-lgcc_s] ==> lib [gcc_s]
    arg [-lgcc] ==> lib [gcc]
    arg [-lpthread] ==> lib [pthread]
    arg [-lc] ==> lib [c]
    arg [-lgcc_s] ==> lib [gcc_s]
    arg [-lgcc] ==> lib [gcc]
    arg [/usr/lib/gcc/x86_64-linux-gnu/9/crtendS.o] ==> ignore
    arg [/usr/lib/gcc/x86_64-linux-gnu/9/../../../x86_64-linux-gnu/crtn.o] ==> ignore
    arg [/usr/lib/gcc/x86_64-linux-gnu/9/crtoffloadend.o] ==> ignore
  collapse library dir [/usr/lib/gcc/x86_64-linux-gnu/9] ==> [/usr/lib/gcc/x86_64-linux-gnu/9]
  collapse library dir [/usr/lib/gcc/x86_64-linux-gnu/9/../../../x86_64-linux-gnu] ==> [/usr/lib/x86_64-linux-gnu]
  collapse library dir [/usr/lib/gcc/x86_64-linux-gnu/9/../../../../lib] ==> [/usr/lib]
  collapse library dir [/lib/x86_64-linux-gnu] ==> [/lib/x86_64-linux-gnu]
  collapse library dir [/lib/../lib] ==> [/lib]
  collapse library dir [/usr/lib/x86_64-linux-gnu] ==> [/usr/lib/x86_64-linux-gnu]
  collapse library dir [/usr/lib/../lib] ==> [/usr/lib]
  collapse library dir [/usr/lib/gcc/x86_64-linux-gnu/9/../../..] ==> [/usr/lib]
  implicit libs: [gfortran;m;gomp;gcc_s;gcc;quadmath;m;gcc_s;gcc;pthread;c;gcc_s;gcc]
  implicit dirs: [/usr/lib/gcc/x86_64-linux-gnu/9;/usr/lib/x86_64-linux-gnu;/usr/lib;/lib/x86_64-linux-gnu;/lib]
  implicit fwks: []


Determining if the include file pthread.h exists passed with the following output:
Change Dir: /home/lb831/SCONE/Build/CMakeFiles/CMakeTmp

Run Build Command(s):/usr/bin/make cmTC_a7b31/fast && /usr/bin/make -f CMakeFiles/cmTC_a7b31.dir/build.make CMakeFiles/cmTC_a7b31.dir/build
make[1]: Entering directory '/home/lb831/SCONE/Build/CMakeFiles/CMakeTmp'
Building C object CMakeFiles/cmTC_a7b31.dir/CheckIncludeFile.c.o
/usr/bin/cc    -o CMakeFiles/cmTC_a7b31.dir/CheckIncludeFile.c.o   -c /home/lb831/SCONE/Build/CMakeFiles/CMakeTmp/CheckIncludeFile.c
Linking C executable cmTC_a7b31
/usr/bin/cmake -E cmake_link_script CMakeFiles/cmTC_a7b31.dir/link.txt --verbose=1
/usr/bin/cc      CMakeFiles/cmTC_a7b31.dir/CheckIncludeFile.c.o  -o cmTC_a7b31 
make[1]: Leaving directory '/home/lb831/SCONE/Build/CMakeFiles/CMakeTmp'



Determining if the function pthread_create exists in the pthread passed with the following output:
Change Dir: /home/lb831/SCONE/Build/CMakeFiles/CMakeTmp

Run Build Command(s):/usr/bin/make cmTC_bc3ad/fast && /usr/bin/make -f CMakeFiles/cmTC_bc3ad.dir/build.make CMakeFiles/cmTC_bc3ad.dir/build
make[1]: Entering directory '/home/lb831/SCONE/Build/CMakeFiles/CMakeTmp'
Building C object CMakeFiles/cmTC_bc3ad.dir/CheckFunctionExists.c.o
/usr/bin/cc   -DCHECK_FUNCTION_EXISTS=pthread_create   -o CMakeFiles/cmTC_bc3ad.dir/CheckFunctionExists.c.o   -c /usr/share/cmake-3.16/Modules/CheckFunctionExists.c
Linking C executable cmTC_bc3ad
/usr/bin/cmake -E cmake_link_script CMakeFiles/cmTC_bc3ad.dir/link.txt --verbose=1
/usr/bin/cc  -DCHECK_FUNCTION_EXISTS=pthread_create    CMakeFiles/cmTC_bc3ad.dir/CheckFunctionExists.c.o  -o cmTC_bc3ad  -lpthread 
make[1]: Leaving directory '/home/lb831/SCONE/Build/CMakeFiles/CMakeTmp'



Determining if the Fortran sgemm exists passed with the following output:
Change Dir: /home/lb831/SCONE/Build/CMakeFiles/CMakeTmp

Run Build Command(s):/usr/bin/make cmTC_607c9/fast && /usr/bin/make -f CMakeFiles/cmTC_607c9.dir/build.make CMakeFiles/cmTC_607c9.dir/build
make[1]: Entering directory '/home/lb831/SCONE/Build/CMakeFiles/CMakeTmp'
Building Fortran object CMakeFiles/cmTC_607c9.dir/testFortranCompiler.f.o
/usr/bin/gfortran   -std=f2018 -O3 -g -pedantic -Wall -Wno-unused-dummy-argument -cpp -fopenmp    -c /home/lb831/SCONE/Build/CMakeFiles/CMakeTmp/testFortranCompiler.f -o CMakeFiles/cmTC_607c9.dir/testFortranCompiler.f.o
Linking Fortran executable cmTC_607c9
/usr/bin/cmake -E cmake_link_script CMakeFiles/cmTC_607c9.dir/link.txt --verbose=1
/usr/bin/gfortran     -std=f2018 -O3 -g -pedantic -Wall -Wno-unused-dummy-argument -cpp -fopenmp  CMakeFiles/cmTC_607c9.dir/testFortranCompiler.f.o  -o cmTC_607c9  /usr/lib/x86_64-linux-gnu/libopenblas.so 
make[1]: Leaving directory '/home/lb831/SCONE/Build/CMakeFiles/CMakeTmp'



Determining if the Fortran cheev exists passed with the following output:
Change Dir: /home/lb831/SCONE/Build/CMakeFiles/CMakeTmp

Run Build Command(s):/usr/bin/make cmTC_d5f27/fast && /usr/bin/make -f CMakeFiles/cmTC_d5f27.dir/build.make CMakeFiles/cmTC_d5f27.dir/build
make[1]: Entering directory '/home/lb831/SCONE/Build/CMakeFiles/CMakeTmp'
Building Fortran object CMakeFiles/cmTC_d5f27.dir/testFortranCompiler.f.o
/usr/bin/gfortran   -std=f2018 -O3 -g -pedantic -Wall -Wno-unused-dummy-argument -cpp -fopenmp    -c /home/lb831/SCONE/Build/CMakeFiles/CMakeTmp/testFortranCompiler.f -o CMakeFiles/cmTC_d5f27.dir/testFortranCompiler.f.o
Linking Fortran executable cmTC_d5f27
/usr/bin/cmake -E cmake_link_script CMakeFiles/cmTC_d5f27.dir/link.txt --verbose=1
/usr/bin/gfortran     -std=f2018 -O3 -g -pedantic -Wall -Wno-unused-dummy-argument -cpp -fopenmp  CMakeFiles/cmTC_d5f27.dir/testFortranCompiler.f.o  -o cmTC_d5f27  /usr/lib/x86_64-linux-gnu/libopenblas.so 
make[1]: Leaving directory '/home/lb831/SCONE/Build/CMakeFiles/CMakeTmp'



Detecting Fortran OpenMP compiler ABI info compiled with the following output:
Change Dir: /home/lb831/SCONE/Build/CMakeFiles/CMakeTmp

Run Build Command(s):/usr/bin/make cmTC_8d391/fast && /usr/bin/make -f CMakeFiles/cmTC_8d391.dir/build.make CMakeFiles/cmTC_8d391.dir/build
make[1]: Entering directory '/home/lb831/SCONE/Build/CMakeFiles/CMakeTmp'
Building Fortran object CMakeFiles/cmTC_8d391.dir/OpenMPTryFlag.f90.o
/usr/bin/gfortran   -std=f2018 -O3 -g -pedantic -Wall -Wno-unused-dummy-argument -cpp -fopenmp -v   -c /home/lb831/SCONE/Build/CMakeFiles/FindOpenMP/OpenMPTryFlag.f90 -o CMakeFiles/cmTC_8d391.dir/OpenMPTryFlag.f90.o
Using built-in specs.
COLLECT_GCC=/usr/bin/gfortran
OFFLOAD_TARGET_NAMES=nvptx-none:hsa
OFFLOAD_TARGET_DEFAULT=1
Target: x86_64-linux-gnu
Configured with: ../src/configure -v --with-pkgversion='Ubuntu 9.4.0-1ubuntu1~20.04.2' --with-bugurl=file:///usr/share/doc/gcc-9/README.Bugs --enable-languages=c,ada,c++,go,brig,d,fortran,objc,obj-c++,gm2 --prefix=/usr --with-gcc-major-version-only --program-suffix=-9 --program-prefix=x86_64-linux-gnu- --enable-shared --enable-linker-build-id --libexecdir=/usr/lib --without-included-gettext --enable-threads=posix --libdir=/usr/lib --enable-nls --enable-clocale=gnu --enable-libstdcxx-debug --enable-libstdcxx-time=yes --with-default-libstdcxx-abi=new --enable-gnu-unique-object --disable-vtable-verify --enable-plugin --enable-default-pie --with-system-zlib --with-target-system-zlib=auto --enable-objc-gc=auto --enable-multiarch --disable-werror --with-arch-32=i686 --with-abi=m64 --with-multilib-list=m32,m64,mx32 --enable-multilib --with-tune=generic --enable-offload-targets=nvptx-none=/build/gcc-9-9QDOt0/gcc-9-9.4.0/debian/tmp-nvptx/usr,hsa --without-cuda-driver --enable-checking=release --build=x86_64-linux-gnu --host=x86_64-linux-gnu --target=x86_64-linux-gnu
Thread model: posix
gcc version 9.4.0 (Ubuntu 9.4.0-1ubuntu1~20.04.2) 
COLLECT_GCC_OPTIONS='-std=f2018' '-O3' '-g' '-Wpedantic' '-Wall' '-Wno-unused-dummy-argument' '-cpp' '-fopenmp' '-v' '-c' '-o' 'CMakeFiles/cmTC_8d391.dir/OpenMPTryFlag.f90.o' '-mtune=generic' '-march=x86-64' '-pthread'
 /usr/lib/gcc/x86_64-linux-gnu/9/f951 /home/lb831/SCONE/Build/CMakeFiles/FindOpenMP/OpenMPTryFlag.f90 -cpp=/tmp/ccLAmC1B.f90 -quiet -v -imultiarch x86_64-linux-gnu -D_REENTRANT /home/lb831/SCONE/Build/CMakeFiles/FindOpenMP/OpenMPTryFlag.f90 -quiet -dumpbase OpenMPTryFlag.f90 -mtune=generic -march=x86-64 -auxbase-strip CMakeFiles/cmTC_8d391.dir/OpenMPTryFlag.f90.o -g -O3 -Wpedantic -Wall -Wno-unused-dummy-argument -std=f2018 -version -fopenmp -fintrinsic-modules-path /usr/lib/gcc/x86_64-linux-gnu/9/finclude -fpre-include=/usr/include/finclude/math-vector-fortran.h -o /tmp/ccVd0SEB.s
GNU Fortran (Ubuntu 9.4.0-1ubuntu1~20.04.2) version 9.4.0 (x86_64-linux-gnu)
	compiled by GNU C version 9.4.0, GMP version 6.2.0, MPFR version 4.0.2, MPC version 1.1.0, isl version isl-0.22.1-GMP

GGC heuristics: --param ggc-min-expand=100 --param ggc-min-heapsize=131072
ignoring nonexistent directory "/usr/local/include/x86_64-linux-gnu"
ignoring nonexistent directory "/usr/lib/gcc/x86_64-linux-gnu/9/include-fixed"
ignoring nonexistent directory "/usr/lib/gcc/x86_64-linux-gnu/9/../../../../x86_64-linux-gnu/include"
#include "..." search starts here:
#include <...> search starts here:
 /usr/lib/gcc/x86_64-linux-gnu/9/finclude
 /usr/lib/gcc/x86_64-linux-gnu/9/include
 /usr/local/include
 /usr/include/x86_64-linux-gnu
 /usr/include
End of search list.
GNU Fortran2008 (Ubuntu 9.4.0-1ubuntu1~20.04.2) version 9.4.0 (x86_64-linux-gnu)
	compiled by GNU C version 9.4.0, GMP version 6.2.0, MPFR version 4.0.2, MPC version 1.1.0, isl version isl-0.22.1-GMP

GGC heuristics: --param ggc-min-expand=100 --param ggc-min-heapsize=131072
COLLECT_GCC_OPTIONS='-std=f2018' '-O3' '-g' '-Wpedantic' '-Wall' '-Wno-unused-dummy-argument' '-cpp' '-fopenmp' '-v' '-c' '-o' 'CMakeFiles/cmTC_8d391.dir/OpenMPTryFlag.f90.o' '-mtune=generic' '-march=x86-64' '-pthread'
 as -v --64 -o CMakeFiles/cmTC_8d391.dir/OpenMPTryFlag.f90.o /tmp/ccVd0SEB.s
GNU assembler version 2.34 (x86_64-linux-gnu) using BFD version (GNU Binutils for Ubuntu) 2.34
COMPILER_PATH=/usr/lib/gcc/x86_64-linux-gnu/9/:/usr/lib/gcc/x86_64-linux-gnu/9/:/usr/lib/gcc/x86_64-linux-gnu/:/usr/lib/gcc/x86_64-linux-gnu/9/:/usr/lib/gcc/x86_64-linux-gnu/
LIBRARY_PATH=/usr/lib/gcc/x86_64-linux-gnu/9/:/usr/lib/gcc/x86_64-linux-gnu/9/../../../x86_64-linux-gnu/:/usr/lib/gcc/x86_64-linux-gnu/9/../../../../lib/:/lib/x86_64-linux-gnu/:/lib/../lib/:/usr/lib/x86_64-linux-gnu/:/usr/lib/../lib/:/usr/lib/gcc/x86_64-linux-gnu/9/../../../:/lib/:/usr/lib/
COLLECT_GCC_OPTIONS='-std=f2018' '-O3' '-g' '-Wpedantic' '-Wall' '-Wno-unused-dummy-argument' '-cpp' '-fopenmp' '-v' '-c' '-o' 'CMakeFiles/cmTC_8d391.dir/OpenMPTryFlag.f90.o' '-mtune=generic' '-march=x86-64' '-pthread'
Linking Fortran executable cmTC_8d391
/usr/bin/cmake -E cmake_link_script CMakeFiles/cmTC_8d391.dir/link.txt --verbose=1
/usr/bin/gfortran     -std=f2018 -O3 -g -pedantic -Wall -Wno-unused-dummy-argument -cpp -fopenmp -v CMakeFiles/cmTC_8d391.dir/OpenMPTryFlag.f90.o  -o cmTC_8d391  -v 
Driving: /usr/bin/gfortran -std=f2018 -O3 -g -pedantic -Wall -Wno-unused-dummy-argument -cpp -fopenmp -v CMakeFiles/cmTC_8d391.dir/OpenMPTryFlag.f90.o -o cmTC_8d391 -v -l gfortran -l m -shared-libgcc
Using built-in specs.
COLLECT_GCC=/usr/bin/gfortran
COLLECT_LTO_WRAPPER=/usr/lib/gcc/x86_64-linux-gnu/9/lto-wrapper
OFFLOAD_TARGET_NAMES=nvptx-none:hsa
OFFLOAD_TARGET_DEFAULT=1
Target: x86_64-linux-gnu
Configured with: ../src/configure -v --with-pkgversion='Ubuntu 9.4.0-1ubuntu1~20.04.2' --with-bugurl=file:///usr/share/doc/gcc-9/README.Bugs --enable-languages=c,ada,c++,go,brig,d,fortran,objc,obj-c++,gm2 --prefix=/usr --with-gcc-major-version-only --program-suffix=-9 --program-prefix=x86_64-linux-gnu- --enable-shared --enable-linker-build-id --libexecdir=/usr/lib --without-included-gettext --enable-threads=posix --libdir=/usr/lib --enable-nls --enable-clocale=gnu --enable-libstdcxx-debug --enable-libstdcxx-time=yes --with-default-libstdcxx-abi=new --enable-gnu-unique-object --disable-vtable-verify --enable-plugin --enable-default-pie --with-system-zlib --with-target-system-zlib=auto --enable-objc-gc=auto --enable-multiarch --disable-werror --with-arch-32=i686 --with-abi=m64 --with-multilib-list=m32,m64,mx32 --enable-multilib --with-tune=generic --enable-offload-targets=nvptx-none=/build/gcc-9-9QDOt0/gcc-9-9.4.0/debian/tmp-nvptx/usr,hsa --without-cuda-driver --enable-checking=release --build=x86_64-linux-gnu --host=x86_64-linux-gnu --target=x86_64-linux-gnu
Thread model: posix
gcc version 9.4.0 (Ubuntu 9.4.0-1ubuntu1~20.04.2) 
Reading specs from /usr/lib/gcc/x86_64-linux-gnu/9/libgfortran.spec
rename spec lib to liborig
COLLECT_GCC_OPTIONS='-std=f2018' '-O3' '-g' '-Wpedantic' '-Wall' '-Wno-unused-dummy-argument' '-cpp' '-fopenmp' '-v' '-o' 'cmTC_8d391' '-v' '-shared-libgcc' '-mtune=generic' '-march=x86-64' '-pthread'
COMPILER_PATH=/usr/lib/gcc/x86_64-linux-gnu/9/:/usr/lib/gcc/x86_64-linux-gnu/9/:/usr/lib/gcc/x86_64-linux-gnu/:/usr/lib/gcc/x86_64-linux-gnu/9/:/usr/lib/gcc/x86_64-linux-gnu/
LIBRARY_PATH=/usr/lib/gcc/x86_64-linux-gnu/9/:/usr/lib/gcc/x86_64-linux-gnu/9/../../../x86_64-linux-gnu/:/usr/lib/gcc/x86_64-linux-gnu/9/../../../../lib/:/lib/x86_64-linux-gnu/:/lib/../lib/:/usr/lib/x86_64-linux-gnu/:/usr/lib/../lib/:/usr/lib/gcc/x86_64-linux-gnu/9/../../../:/lib/:/usr/lib/
Reading specs from /usr/lib/gcc/x86_64-linux-gnu/9/libgomp.spec
COLLECT_GCC_OPTIONS='-std=f2018' '-O3' '-g' '-Wpedantic' '-Wall' '-Wno-unused-dummy-argument' '-cpp' '-fopenmp' '-v' '-o' 'cmTC_8d391' '-v' '-shared-libgcc' '-mtune=generic' '-march=x86-64' '-pthread'
 /usr/lib/gcc/x86_64-linux-gnu/9/collect2 -plugin /usr/lib/gcc/x86_64-linux-gnu/9/liblto_plugin.so -plugin-opt=/usr/lib/gcc/x86_64-linux-gnu/9/lto-wrapper -plugin-opt=-fresolution=/tmp/cceOJj00.res -plugin-opt=-pass-through=-lgcc_s -plugin-opt=-pass-through=-lgcc -plugin-opt=-pass-through=-lquadmath -plugin-opt=-pass-through=-lm -plugin-opt=-pass-through=-lgcc_s -plugin-opt=-pass-through=-lgcc -plugin-opt=-pass-through=-lpthread -plugin-opt=-pass-through=-lc -plugin-opt=-pass-through=-lgcc_s -plugin-opt=-pass-through=-lgcc --build-id --eh-frame-hdr -m elf_x86_64 --hash-style=gnu --as-needed -dynamic-linker /lib64/ld-linux-x86-64.so.2 -pie -z now -z relro -o cmTC_8d391 /usr/lib/gcc/x86_64-linux-gnu/9/../../../x86_64-linux-gnu/Scrt1.o /usr/lib/gcc/x86_64-linux-gnu/9/../../../x86_64-linux-gnu/crti.o /usr/lib/gcc/x86_64-linux-gnu/9/crtbeginS.o /usr/lib/gcc/x86_64-linux-gnu/9/crtoffloadbegin.o -L/usr/lib/gcc/x86_64-linux-gnu/9 -L/usr/lib/gcc/x86_64-linux-gnu/9/../../../x86_64-linux-gnu -L/usr/lib/gcc/x86_64-linux-gnu/9/../../../../lib -L/lib/x86_64-linux-gnu -L/lib/../lib -L/usr/lib/x86_64-linux-gnu -L/usr/lib/../lib -L/usr/lib/gcc/x86_64-linux-gnu/9/../../.. CMakeFiles/cmTC_8d391.dir/OpenMPTryFlag.f90.o -lgfortran -lm -lgomp -lgcc_s -lgcc -lquadmath -lm -lgcc_s -lgcc -lpthread -lc -lgcc_s -lgcc /usr/lib/gcc/x86_64-linux-gnu/9/crtendS.o /usr/lib/gcc/x86_64-linux-gnu/9/../../../x86_64-linux-gnu/crtn.o /usr/lib/gcc/x86_64-linux-gnu/9/crtoffloadend.o
COLLECT_GCC_OPTIONS='-std=f2018' '-O3' '-g' '-Wpedantic' '-Wall' '-Wno-unused-dummy-argument' '-cpp' '-fopenmp' '-v' '-o' 'cmTC_8d391' '-v' '-shared-libgcc' '-mtune=generic' '-march=x86-64' '-pthread'
make[1]: Leaving directory '/home/lb831/SCONE/Build/CMakeFiles/CMakeTmp'



Parsed Fortran OpenMP implicit link information from above output:
  link line regex: [^( *|.*[/\])(ld|CMAKE_LINK_STARTFILE-NOTFOUND|([^/\]+-)?ld|collect2)[^/\]*( |$)]
  ignore line: [Change Dir: /home/lb831/SCONE/Build/CMakeFiles/CMakeTmp]
  ignore line: []
  ignore line: [Run Build Command(s):/usr/bin/make cmTC_8d391/fast && /usr/bin/make -f CMakeFiles/cmTC_8d391.dir/build.make CMakeFiles/cmTC_8d391.dir/build]
  ignore line: [make[1]: Entering directory '/home/lb831/SCONE/Build/CMakeFiles/CMakeTmp']
  ignore line: [Building Fortran object CMakeFiles/cmTC_8d391.dir/OpenMPTryFlag.f90.o]
  ignore line: [/usr/bin/gfortran   -std=f2018 -O3 -g -pedantic -Wall -Wno-unused-dummy-argument -cpp -fopenmp -v   -c /home/lb831/SCONE/Build/CMakeFiles/FindOpenMP/OpenMPTryFlag.f90 -o CMakeFiles/cmTC_8d391.dir/OpenMPTryFlag.f90.o]
  ignore line: [Using built-in specs.]
  ignore line: [COLLECT_GCC=/usr/bin/gfortran]
  ignore line: [OFFLOAD_TARGET_NAMES=nvptx-none:hsa]
  ignore line: [OFFLOAD_TARGET_DEFAULT=1]
  ignore line: [Target: x86_64-linux-gnu]
  ignore line: [Configured with: ../src/configure -v --with-pkgversion='Ubuntu 9.4.0-1ubuntu1~20.04.2' --with-bugurl=file:///usr/share/doc/gcc-9/README.Bugs --enable-languages=c ada c++ go brig d fortran objc obj-c++ gm2 --prefix=/usr --with-gcc-major-version-only --program-suffix=-9 --program-prefix=x86_64-linux-gnu- --enable-shared --enable-linker-build-id --libexecdir=/usr/lib --without-included-gettext --enable-threads=posix --libdir=/usr/lib --enable-nls --enable-clocale=gnu --enable-libstdcxx-debug --enable-libstdcxx-time=yes --with-default-libstdcxx-abi=new --enable-gnu-unique-object --disable-vtable-verify --enable-plugin --enable-default-pie --with-system-zlib --with-target-system-zlib=auto --enable-objc-gc=auto --enable-multiarch --disable-werror --with-arch-32=i686 --with-abi=m64 --with-multilib-list=m32 m64 mx32 --enable-multilib --with-tune=generic --enable-offload-targets=nvptx-none=/build/gcc-9-9QDOt0/gcc-9-9.4.0/debian/tmp-nvptx/usr hsa --without-cuda-driver --enable-checking=release --build=x86_64-linux-gnu --host=x86_64-linux-gnu --target=x86_64-linux-gnu]
  ignore line: [Thread model: posix]
  ignore line: [gcc version 9.4.0 (Ubuntu 9.4.0-1ubuntu1~20.04.2) ]
  ignore line: [COLLECT_GCC_OPTIONS='-std=f2018' '-O3' '-g' '-Wpedantic' '-Wall' '-Wno-unused-dummy-argument' '-cpp' '-fopenmp' '-v' '-c' '-o' 'CMakeFiles/cmTC_8d391.dir/OpenMPTryFlag.f90.o' '-mtune=generic' '-march=x86-64' '-pthread']
  ignore line: [ /usr/lib/gcc/x86_64-linux-gnu/9/f951 /home/lb831/SCONE/Build/CMakeFiles/FindOpenMP/OpenMPTryFlag.f90 -cpp=/tmp/ccLAmC1B.f90 -quiet -v -imultiarch x86_64-linux-gnu -D_REENTRANT /home/lb831/SCONE/Build/CMakeFiles/FindOpenMP/OpenMPTryFlag.f90 -quiet -dumpbase OpenMPTryFlag.f90 -mtune=generic -march=x86-64 -auxbase-strip CMakeFiles/cmTC_8d391.dir/OpenMPTryFlag.f90.o -g -O3 -Wpedantic -Wall -Wno-unused-dummy-argument -std=f2018 -version -fopenmp -fintrinsic-modules-path /usr/lib/gcc/x86_64-linux-gnu/9/finclude -fpre-include=/usr/include/finclude/math-vector-fortran.h -o /tmp/ccVd0SEB.s]
  ignore line: [GNU Fortran (Ubuntu 9.4.0-1ubuntu1~20.04.2) version 9.4.0 (x86_64-linux-gnu)]
  ignore line: [	compiled by GNU C version 9.4.0  GMP version 6.2.0  MPFR version 4.0.2  MPC version 1.1.0  isl version isl-0.22.1-GMP]
  ignore line: []
  ignore line: [GGC heuristics: --param ggc-min-expand=100 --param ggc-min-heapsize=131072]
  ignore line: [ignoring nonexistent directory "/usr/local/include/x86_64-linux-gnu"]
  ignore line: [ignoring nonexistent directory "/usr/lib/gcc/x86_64-linux-gnu/9/include-fixed"]
  ignore line: [ignoring nonexistent directory "/usr/lib/gcc/x86_64-linux-gnu/9/../../../../x86_64-linux-gnu/include"]
  ignore line: [#include "..." search starts here:]
  ignore line: [#include <...> search starts here:]
  ignore line: [ /usr/lib/gcc/x86_64-linux-gnu/9/finclude]
  ignore line: [ /usr/lib/gcc/x86_64-linux-gnu/9/include]
  ignore line: [ /usr/local/include]
  ignore line: [ /usr/include/x86_64-linux-gnu]
  ignore line: [ /usr/include]
  ignore line: [End of search list.]
  ignore line: [GNU Fortran2008 (Ubuntu 9.4.0-1ubuntu1~20.04.2) version 9.4.0 (x86_64-linux-gnu)]
  ignore line: [	compiled by GNU C version 9.4.0  GMP version 6.2.0  MPFR version 4.0.2  MPC version 1.1.0  isl version isl-0.22.1-GMP]
  ignore line: []
  ignore line: [GGC heuristics: --param ggc-min-expand=100 --param ggc-min-heapsize=131072]
  ignore line: [COLLECT_GCC_OPTIONS='-std=f2018' '-O3' '-g' '-Wpedantic' '-Wall' '-Wno-unused-dummy-argument' '-cpp' '-fopenmp' '-v' '-c' '-o' 'CMakeFiles/cmTC_8d391.dir/OpenMPTryFlag.f90.o' '-mtune=generic' '-march=x86-64' '-pthread']
  ignore line: [ as -v --64 -o CMakeFiles/cmTC_8d391.dir/OpenMPTryFlag.f90.o /tmp/ccVd0SEB.s]
  ignore line: [GNU assembler version 2.34 (x86_64-linux-gnu) using BFD version (GNU Binutils for Ubuntu) 2.34]
  ignore line: [COMPILER_PATH=/usr/lib/gcc/x86_64-linux-gnu/9/:/usr/lib/gcc/x86_64-linux-gnu/9/:/usr/lib/gcc/x86_64-linux-gnu/:/usr/lib/gcc/x86_64-linux-gnu/9/:/usr/lib/gcc/x86_64-linux-gnu/]
  ignore line: [LIBRARY_PATH=/usr/lib/gcc/x86_64-linux-gnu/9/:/usr/lib/gcc/x86_64-linux-gnu/9/../../../x86_64-linux-gnu/:/usr/lib/gcc/x86_64-linux-gnu/9/../../../../lib/:/lib/x86_64-linux-gnu/:/lib/../lib/:/usr/lib/x86_64-linux-gnu/:/usr/lib/../lib/:/usr/lib/gcc/x86_64-linux-gnu/9/../../../:/lib/:/usr/lib/]
  ignore line: [COLLECT_GCC_OPTIONS='-std=f2018' '-O3' '-g' '-Wpedantic' '-Wall' '-Wno-unused-dummy-argument' '-cpp' '-fopenmp' '-v' '-c' '-o' 'CMakeFiles/cmTC_8d391.dir/OpenMPTryFlag.f90.o' '-mtune=generic' '-march=x86-64' '-pthread']
  ignore line: [Linking Fortran executable cmTC_8d391]
  ignore line: [/usr/bin/cmake -E cmake_link_script CMakeFiles/cmTC_8d391.dir/link.txt --verbose=1]
  ignore line: [/usr/bin/gfortran     -std=f2018 -O3 -g -pedantic -Wall -Wno-unused-dummy-argument -cpp -fopenmp -v CMakeFiles/cmTC_8d391.dir/OpenMPTryFlag.f90.o  -o cmTC_8d391  -v ]
  ignore line: [Driving: /usr/bin/gfortran -std=f2018 -O3 -g -pedantic -Wall -Wno-unused-dummy-argument -cpp -fopenmp -v CMakeFiles/cmTC_8d391.dir/OpenMPTryFlag.f90.o -o cmTC_8d391 -v -l gfortran -l m -shared-libgcc]
  ignore line: [Using built-in specs.]
  ignore line: [COLLECT_GCC=/usr/bin/gfortran]
  ignore line: [COLLECT_LTO_WRAPPER=/usr/lib/gcc/x86_64-linux-gnu/9/lto-wrapper]
  ignore line: [OFFLOAD_TARGET_NAMES=nvptx-none:hsa]
  ignore line: [OFFLOAD_TARGET_DEFAULT=1]
  ignore line: [Target: x86_64-linux-gnu]
  ignore line: [Configured with: ../src/configure -v --with-pkgversion='Ubuntu 9.4.0-1ubuntu1~20.04.2' --with-bugurl=file:///usr/share/doc/gcc-9/README.Bugs --enable-languages=c ada c++ go brig d fortran objc obj-c++ gm2 --prefix=/usr --with-gcc-major-version-only --program-suffix=-9 --program-prefix=x86_64-linux-gnu- --enable-shared --enable-linker-build-id --libexecdir=/usr/lib --without-included-gettext --enable-threads=posix --libdir=/usr/lib --enable-nls --enable-clocale=gnu --enable-libstdcxx-debug --enable-libstdcxx-time=yes --with-default-libstdcxx-abi=new --enable-gnu-unique-object --disable-vtable-verify --enable-plugin --enable-default-pie --with-system-zlib --with-target-system-zlib=auto --enable-objc-gc=auto --enable-multiarch --disable-werror --with-arch-32=i686 --with-abi=m64 --with-multilib-list=m32 m64 mx32 --enable-multilib --with-tune=generic --enable-offload-targets=nvptx-none=/build/gcc-9-9QDOt0/gcc-9-9.4.0/debian/tmp-nvptx/usr hsa --without-cuda-driver --enable-checking=release --build=x86_64-linux-gnu --host=x86_64-linux-gnu --target=x86_64-linux-gnu]
  ignore line: [Thread model: posix]
  ignore line: [gcc version 9.4.0 (Ubuntu 9.4.0-1ubuntu1~20.04.2) ]
  ignore line: [Reading specs from /usr/lib/gcc/x86_64-linux-gnu/9/libgfortran.spec]
  ignore line: [rename spec lib to liborig]
  ignore line: [COLLECT_GCC_OPTIONS='-std=f2018' '-O3' '-g' '-Wpedantic' '-Wall' '-Wno-unused-dummy-argument' '-cpp' '-fopenmp' '-v' '-o' 'cmTC_8d391' '-v' '-shared-libgcc' '-mtune=generic' '-march=x86-64' '-pthread']
  ignore line: [COMPILER_PATH=/usr/lib/gcc/x86_64-linux-gnu/9/:/usr/lib/gcc/x86_64-linux-gnu/9/:/usr/lib/gcc/x86_64-linux-gnu/:/usr/lib/gcc/x86_64-linux-gnu/9/:/usr/lib/gcc/x86_64-linux-gnu/]
  ignore line: [LIBRARY_PATH=/usr/lib/gcc/x86_64-linux-gnu/9/:/usr/lib/gcc/x86_64-linux-gnu/9/../../../x86_64-linux-gnu/:/usr/lib/gcc/x86_64-linux-gnu/9/../../../../lib/:/lib/x86_64-linux-gnu/:/lib/../lib/:/usr/lib/x86_64-linux-gnu/:/usr/lib/../lib/:/usr/lib/gcc/x86_64-linux-gnu/9/../../../:/lib/:/usr/lib/]
  ignore line: [Reading specs from /usr/lib/gcc/x86_64-linux-gnu/9/libgomp.spec]
  ignore line: [COLLECT_GCC_OPTIONS='-std=f2018' '-O3' '-g' '-Wpedantic' '-Wall' '-Wno-unused-dummy-argument' '-cpp' '-fopenmp' '-v' '-o' 'cmTC_8d391' '-v' '-shared-libgcc' '-mtune=generic' '-march=x86-64' '-pthread']
  link line: [ /usr/lib/gcc/x86_64-linux-gnu/9/collect2 -plugin /usr/lib/gcc/x86_64-linux-gnu/9/liblto_plugin.so -plugin-opt=/usr/lib/gcc/x86_64-linux-gnu/9/lto-wrapper -plugin-opt=-fresolution=/tmp/cceOJj00.res -plugin-opt=-pass-through=-lgcc_s -plugin-opt=-pass-through=-lgcc -plugin-opt=-pass-through=-lquadmath -plugin-opt=-pass-through=-lm -plugin-opt=-pass-through=-lgcc_s -plugin-opt=-pass-through=-lgcc -plugin-opt=-pass-through=-lpthread -plugin-opt=-pass-through=-lc -plugin-opt=-pass-through=-lgcc_s -plugin-opt=-pass-through=-lgcc --build-id --eh-frame-hdr -m elf_x86_64 --hash-style=gnu --as-needed -dynamic-linker /lib64/ld-linux-x86-64.so.2 -pie -z now -z relro -o cmTC_8d391 /usr/lib/gcc/x86_64-linux-gnu/9/../../../x86_64-linux-gnu/Scrt1.o /usr/lib/gcc/x86_64-linux-gnu/9/../../../x86_64-linux-gnu/crti.o /usr/lib/gcc/x86_64-linux-gnu/9/crtbeginS.o /usr/lib/gcc/x86_64-linux-gnu/9/crtoffloadbegin.o -L/usr/lib/gcc/x86_64-linux-gnu/9 -L/usr/lib/gcc/x86_64-linux-gnu/9/../../../x86_64-linux-gnu -L/usr/lib/gcc/x86_64-linux-gnu/9/../../../../lib -L/lib/x86_64-linux-gnu -L/lib/../lib -L/usr/lib/x86_64-linux-gnu -L/usr/lib/../lib -L/usr/lib/gcc/x86_64-linux-gnu/9/../../.. CMakeFiles/cmTC_8d391.dir/OpenMPTryFlag.f90.o -lgfortran -lm -lgomp -lgcc_s -lgcc -lquadmath -lm -lgcc_s -lgcc -lpthread -lc -lgcc_s -lgcc /usr/lib/gcc/x86_64-linux-gnu/9/crtendS.o /usr/lib/gcc/x86_64-linux-gnu/9/../../../x86_64-linux-gnu/crtn.o /usr/lib/gcc/x86_64-linux-gnu/9/crtoffloadend.o]
    arg [/usr/lib/gcc/x86_64-linux-gnu/9/collect2] ==> ignore
    arg [-plugin] ==> ignore
    arg [/usr/lib/gcc/x86_64-linux-gnu/9/liblto_plugin.so] ==> ignore
    arg [-plugin-opt=/usr/lib/gcc/x86_64-linux-gnu/9/lto-wrapper] ==> ignore
    arg [-plugin-opt=-fresolution=/tmp/cceOJj00.res] ==> ignore
    arg [-plugin-opt=-pass-through=-lgcc_s] ==> ignore
    arg [-plugin-opt=-pass-through=-lgcc] ==> ignore
    arg [-plugin-opt=-pass-through=-lquadmath] ==> ignore
    arg [-plugin-opt=-pass-through=-lm] ==> ignore
    arg [-plugin-opt=-pass-through=-lgcc_s] ==> ignore
    arg [-plugin-opt=-pass-through=-lgcc] ==> ignore
    arg [-plugin-opt=-pass-through=-lpthread] ==> ignore
    arg [-plugin-opt=-pass-through=-lc] ==> ignore
    arg [-plugin-opt=-pass-through=-lgcc_s] ==> ignore
    arg [-plugin-opt=-pass-through=-lgcc] ==> ignore
    arg [--build-id] ==> ignore
    arg [--eh-frame-hdr] ==> ignore
    arg [-m] ==> ignore
    arg [elf_x86_64] ==> ignore
    arg [--hash-style=gnu] ==> ignore
    arg [--as-needed] ==> ignore
    arg [-dynamic-linker] ==> ignore
    arg [/lib64/ld-linux-x86-64.so.2] ==> ignore
    arg [-pie] ==> ignore
    arg [-znow] ==> ignore
    arg [-zrelro] ==> ignore
    arg [-o] ==> ignore
    arg [cmTC_8d391] ==> ignore
    arg [/usr/lib/gcc/x86_64-linux-gnu/9/../../../x86_64-linux-gnu/Scrt1.o] ==> ignore
    arg [/usr/lib/gcc/x86_64-linux-gnu/9/../../../x86_64-linux-gnu/crti.o] ==> ignore
    arg [/usr/lib/gcc/x86_64-linux-gnu/9/crtbeginS.o] ==> ignore
    arg [/usr/lib/gcc/x86_64-linux-gnu/9/crtoffloadbegin.o] ==> ignore
    arg [-L/usr/lib/gcc/x86_64-linux-gnu/9] ==> dir [/usr/lib/gcc/x86_64-linux-gnu/9]
    arg [-L/usr/lib/gcc/x86_64-linux-gnu/9/../../../x86_64-linux-gnu] ==> dir [/usr/lib/gcc/x86_64-linux-gnu/9/../../../x86_64-linux-gnu]
    arg [-L/usr/lib/gcc/x86_64-linux-gnu/9/../../../../lib] ==> dir [/usr/lib/gcc/x86_64-linux-gnu/9/../../../../lib]
    arg [-L/lib/x86_64-linux-gnu] ==> dir [/lib/x86_64-linux-gnu]
    arg [-L/lib/../lib] ==> dir [/lib/../lib]
    arg [-L/usr/lib/x86_64-linux-gnu] ==> dir [/usr/lib/x86_64-linux-gnu]
    arg [-L/usr/lib/../lib] ==> dir [/usr/lib/../lib]
    arg [-L/usr/lib/gcc/x86_64-linux-gnu/9/../../..] ==> dir [/usr/lib/gcc/x86_64-linux-gnu/9/../../..]
    arg [CMakeFiles/cmTC_8d391.dir/OpenMPTryFlag.f90.o] ==> ignore
    arg [-lgfortran] ==> lib [gfortran]
    arg [-lm] ==> lib [m]
    arg [-lgomp] ==> lib [gomp]
    arg [-lgcc_s] ==> lib [gcc_s]
    arg [-lgcc] ==> lib [gcc]
    arg [-lquadmath] ==> lib [quadmath]
    arg [-lm] ==> lib [m]
    arg [-lgcc_s] ==> lib [gcc_s]
    arg [-lgcc] ==> lib [gcc]
    arg [-lpthread] ==> lib [pthread]
    arg [-lc] ==> lib [c]
    arg [-lgcc_s] ==> lib [gcc_s]
    arg [-lgcc] ==> lib [gcc]
    arg [/usr/lib/gcc/x86_64-linux-gnu/9/crtendS.o] ==> ignore
    arg [/usr/lib/gcc/x86_64-linux-gnu/9/../../../x86_64-linux-gnu/crtn.o] ==> ignore
    arg [/usr/lib/gcc/x86_64-linux-gnu/9/crtoffloadend.o] ==> ignore
  collapse library dir [/usr/lib/gcc/x86_64-linux-gnu/9] ==> [/usr/lib/gcc/x86_64-linux-gnu/9]
  collapse library dir [/usr/lib/gcc/x86_64-linux-gnu/9/../../../x86_64-linux-gnu] ==> [/usr/lib/x86_64-linux-gnu]
  collapse library dir [/usr/lib/gcc/x86_64-linux-gnu/9/../../../../lib] ==> [/usr/lib]
  collapse library dir [/lib/x86_64-linux-gnu] ==> [/lib/x86_64-linux-gnu]
  collapse library dir [/lib/../lib] ==> [/lib]
  collapse library dir [/usr/lib/x86_64-linux-gnu] ==> [/usr/lib/x86_64-linux-gnu]
  collapse library dir [/usr/lib/../lib] ==> [/usr/lib]
  collapse library dir [/usr/lib/gcc/x86_64-linux-gnu/9/../../..] ==> [/usr/lib]
  implicit libs: [gfortran;m;gomp;gcc_s;gcc;quadmath;m;gcc_s;gcc;pthread;c;gcc_s;gcc]
  implicit dirs: [/usr/lib/gcc/x86_64-linux-gnu/9;/usr/lib/x86_64-linux-gnu;/usr/lib;/lib/x86_64-linux-gnu;/lib]
  implicit fwks: []


Detecting Fortran OpenMP compiler ABI info compiled with the following output:
Change Dir: /home/lb831/SCONE/Build/CMakeFiles/CMakeTmp

Run Build Command(s):/usr/bin/make cmTC_57ed8/fast && /usr/bin/make -f CMakeFiles/cmTC_57ed8.dir/build.make CMakeFiles/cmTC_57ed8.dir/build
make[1]: Entering directory '/home/lb831/SCONE/Build/CMakeFiles/CMakeTmp'
Building Fortran object CMakeFiles/cmTC_57ed8.dir/OpenMPTryFlag.f90.o
/usr/bin/gfortran   -std=f2018 -O3 -g -pedantic -Wall -Wno-unused-dummy-argument -cpp -fopenmp -v   -c /home/lb831/SCONE/Build/CMakeFiles/FindOpenMP/OpenMPTryFlag.f90 -o CMakeFiles/cmTC_57ed8.dir/OpenMPTryFlag.f90.o
Using built-in specs.
COLLECT_GCC=/usr/bin/gfortran
OFFLOAD_TARGET_NAMES=nvptx-none:hsa
OFFLOAD_TARGET_DEFAULT=1
Target: x86_64-linux-gnu
Configured with: ../src/configure -v --with-pkgversion='Ubuntu 9.4.0-1ubuntu1~20.04.2' --with-bugurl=file:///usr/share/doc/gcc-9/README.Bugs --enable-languages=c,ada,c++,go,brig,d,fortran,objc,obj-c++,gm2 --prefix=/usr --with-gcc-major-version-only --program-suffix=-9 --program-prefix=x86_64-linux-gnu- --enable-shared --enable-linker-build-id --libexecdir=/usr/lib --without-included-gettext --enable-threads=posix --libdir=/usr/lib --enable-nls --enable-clocale=gnu --enable-libstdcxx-debug --enable-libstdcxx-time=yes --with-default-libstdcxx-abi=new --enable-gnu-unique-object --disable-vtable-verify --enable-plugin --enable-default-pie --with-system-zlib --with-target-system-zlib=auto --enable-objc-gc=auto --enable-multiarch --disable-werror --with-arch-32=i686 --with-abi=m64 --with-multilib-list=m32,m64,mx32 --enable-multilib --with-tune=generic --enable-offload-targets=nvptx-none=/build/gcc-9-9QDOt0/gcc-9-9.4.0/debian/tmp-nvptx/usr,hsa --without-cuda-driver --enable-checking=release --build=x86_64-linux-gnu --host=x86_64-linux-gnu --target=x86_64-linux-gnu
Thread model: posix
gcc version 9.4.0 (Ubuntu 9.4.0-1ubuntu1~20.04.2) 
COLLECT_GCC_OPTIONS='-std=f2018' '-O3' '-g' '-Wpedantic' '-Wall' '-Wno-unused-dummy-argument' '-cpp' '-fopenmp' '-v' '-c' '-o' 'CMakeFiles/cmTC_57ed8.dir/OpenMPTryFlag.f90.o' '-mtune=generic' '-march=x86-64' '-pthread'
 /usr/lib/gcc/x86_64-linux-gnu/9/f951 /home/lb831/SCONE/Build/CMakeFiles/FindOpenMP/OpenMPTryFlag.f90 -cpp=/tmp/ccMu91Iw.f90 -quiet -v -imultiarch x86_64-linux-gnu -D_REENTRANT /home/lb831/SCONE/Build/CMakeFiles/FindOpenMP/OpenMPTryFlag.f90 -quiet -dumpbase OpenMPTryFlag.f90 -mtune=generic -march=x86-64 -auxbase-strip CMakeFiles/cmTC_57ed8.dir/OpenMPTryFlag.f90.o -g -O3 -Wpedantic -Wall -Wno-unused-dummy-argument -std=f2018 -version -fopenmp -fintrinsic-modules-path /usr/lib/gcc/x86_64-linux-gnu/9/finclude -fpre-include=/usr/include/finclude/math-vector-fortran.h -o /tmp/cc4uev0x.s
GNU Fortran (Ubuntu 9.4.0-1ubuntu1~20.04.2) version 9.4.0 (x86_64-linux-gnu)
	compiled by GNU C version 9.4.0, GMP version 6.2.0, MPFR version 4.0.2, MPC version 1.1.0, isl version isl-0.22.1-GMP

GGC heuristics: --param ggc-min-expand=100 --param ggc-min-heapsize=131072
ignoring nonexistent directory "/usr/local/include/x86_64-linux-gnu"
ignoring nonexistent directory "/usr/lib/gcc/x86_64-linux-gnu/9/include-fixed"
ignoring nonexistent directory "/usr/lib/gcc/x86_64-linux-gnu/9/../../../../x86_64-linux-gnu/include"
#include "..." search starts here:
#include <...> search starts here:
 /usr/lib/gcc/x86_64-linux-gnu/9/finclude
 /usr/lib/gcc/x86_64-linux-gnu/9/include
 /usr/local/include
 /usr/include/x86_64-linux-gnu
 /usr/include
End of search list.
GNU Fortran2008 (Ubuntu 9.4.0-1ubuntu1~20.04.2) version 9.4.0 (x86_64-linux-gnu)
	compiled by GNU C version 9.4.0, GMP version 6.2.0, MPFR version 4.0.2, MPC version 1.1.0, isl version isl-0.22.1-GMP

GGC heuristics: --param ggc-min-expand=100 --param ggc-min-heapsize=131072
COLLECT_GCC_OPTIONS='-std=f2018' '-O3' '-g' '-Wpedantic' '-Wall' '-Wno-unused-dummy-argument' '-cpp' '-fopenmp' '-v' '-c' '-o' 'CMakeFiles/cmTC_57ed8.dir/OpenMPTryFlag.f90.o' '-mtune=generic' '-march=x86-64' '-pthread'
 as -v --64 -o CMakeFiles/cmTC_57ed8.dir/OpenMPTryFlag.f90.o /tmp/cc4uev0x.s
GNU assembler version 2.34 (x86_64-linux-gnu) using BFD version (GNU Binutils for Ubuntu) 2.34
COMPILER_PATH=/usr/lib/gcc/x86_64-linux-gnu/9/:/usr/lib/gcc/x86_64-linux-gnu/9/:/usr/lib/gcc/x86_64-linux-gnu/:/usr/lib/gcc/x86_64-linux-gnu/9/:/usr/lib/gcc/x86_64-linux-gnu/
LIBRARY_PATH=/usr/lib/gcc/x86_64-linux-gnu/9/:/usr/lib/gcc/x86_64-linux-gnu/9/../../../x86_64-linux-gnu/:/usr/lib/gcc/x86_64-linux-gnu/9/../../../../lib/:/lib/x86_64-linux-gnu/:/lib/../lib/:/usr/lib/x86_64-linux-gnu/:/usr/lib/../lib/:/usr/lib/gcc/x86_64-linux-gnu/9/../../../:/lib/:/usr/lib/
COLLECT_GCC_OPTIONS='-std=f2018' '-O3' '-g' '-Wpedantic' '-Wall' '-Wno-unused-dummy-argument' '-cpp' '-fopenmp' '-v' '-c' '-o' 'CMakeFiles/cmTC_57ed8.dir/OpenMPTryFlag.f90.o' '-mtune=generic' '-march=x86-64' '-pthread'
Linking Fortran executable cmTC_57ed8
/usr/bin/cmake -E cmake_link_script CMakeFiles/cmTC_57ed8.dir/link.txt --verbose=1
/usr/bin/gfortran     -std=f2018 -O3 -g -pedantic -Wall -Wno-unused-dummy-argument -cpp -fopenmp -v CMakeFiles/cmTC_57ed8.dir/OpenMPTryFlag.f90.o  -o cmTC_57ed8  -v 
Driving: /usr/bin/gfortran -std=f2018 -O3 -g -pedantic -Wall -Wno-unused-dummy-argument -cpp -fopenmp -v CMakeFiles/cmTC_57ed8.dir/OpenMPTryFlag.f90.o -o cmTC_57ed8 -v -l gfortran -l m -shared-libgcc
Using built-in specs.
COLLECT_GCC=/usr/bin/gfortran
COLLECT_LTO_WRAPPER=/usr/lib/gcc/x86_64-linux-gnu/9/lto-wrapper
OFFLOAD_TARGET_NAMES=nvptx-none:hsa
OFFLOAD_TARGET_DEFAULT=1
Target: x86_64-linux-gnu
Configured with: ../src/configure -v --with-pkgversion='Ubuntu 9.4.0-1ubuntu1~20.04.2' --with-bugurl=file:///usr/share/doc/gcc-9/README.Bugs --enable-languages=c,ada,c++,go,brig,d,fortran,objc,obj-c++,gm2 --prefix=/usr --with-gcc-major-version-only --program-suffix=-9 --program-prefix=x86_64-linux-gnu- --enable-shared --enable-linker-build-id --libexecdir=/usr/lib --without-included-gettext --enable-threads=posix --libdir=/usr/lib --enable-nls --enable-clocale=gnu --enable-libstdcxx-debug --enable-libstdcxx-time=yes --with-default-libstdcxx-abi=new --enable-gnu-unique-object --disable-vtable-verify --enable-plugin --enable-default-pie --with-system-zlib --with-target-system-zlib=auto --enable-objc-gc=auto --enable-multiarch --disable-werror --with-arch-32=i686 --with-abi=m64 --with-multilib-list=m32,m64,mx32 --enable-multilib --with-tune=generic --enable-offload-targets=nvptx-none=/build/gcc-9-9QDOt0/gcc-9-9.4.0/debian/tmp-nvptx/usr,hsa --without-cuda-driver --enable-checking=release --build=x86_64-linux-gnu --host=x86_64-linux-gnu --target=x86_64-linux-gnu
Thread model: posix
gcc version 9.4.0 (Ubuntu 9.4.0-1ubuntu1~20.04.2) 
Reading specs from /usr/lib/gcc/x86_64-linux-gnu/9/libgfortran.spec
rename spec lib to liborig
COLLECT_GCC_OPTIONS='-std=f2018' '-O3' '-g' '-Wpedantic' '-Wall' '-Wno-unused-dummy-argument' '-cpp' '-fopenmp' '-v' '-o' 'cmTC_57ed8' '-v' '-shared-libgcc' '-mtune=generic' '-march=x86-64' '-pthread'
COMPILER_PATH=/usr/lib/gcc/x86_64-linux-gnu/9/:/usr/lib/gcc/x86_64-linux-gnu/9/:/usr/lib/gcc/x86_64-linux-gnu/:/usr/lib/gcc/x86_64-linux-gnu/9/:/usr/lib/gcc/x86_64-linux-gnu/
LIBRARY_PATH=/usr/lib/gcc/x86_64-linux-gnu/9/:/usr/lib/gcc/x86_64-linux-gnu/9/../../../x86_64-linux-gnu/:/usr/lib/gcc/x86_64-linux-gnu/9/../../../../lib/:/lib/x86_64-linux-gnu/:/lib/../lib/:/usr/lib/x86_64-linux-gnu/:/usr/lib/../lib/:/usr/lib/gcc/x86_64-linux-gnu/9/../../../:/lib/:/usr/lib/
Reading specs from /usr/lib/gcc/x86_64-linux-gnu/9/libgomp.spec
COLLECT_GCC_OPTIONS='-std=f2018' '-O3' '-g' '-Wpedantic' '-Wall' '-Wno-unused-dummy-argument' '-cpp' '-fopenmp' '-v' '-o' 'cmTC_57ed8' '-v' '-shared-libgcc' '-mtune=generic' '-march=x86-64' '-pthread'
 /usr/lib/gcc/x86_64-linux-gnu/9/collect2 -plugin /usr/lib/gcc/x86_64-linux-gnu/9/liblto_plugin.so -plugin-opt=/usr/lib/gcc/x86_64-linux-gnu/9/lto-wrapper -plugin-opt=-fresolution=/tmp/ccF35Fe1.res -plugin-opt=-pass-through=-lgcc_s -plugin-opt=-pass-through=-lgcc -plugin-opt=-pass-through=-lquadmath -plugin-opt=-pass-through=-lm -plugin-opt=-pass-through=-lgcc_s -plugin-opt=-pass-through=-lgcc -plugin-opt=-pass-through=-lpthread -plugin-opt=-pass-through=-lc -plugin-opt=-pass-through=-lgcc_s -plugin-opt=-pass-through=-lgcc --build-id --eh-frame-hdr -m elf_x86_64 --hash-style=gnu --as-needed -dynamic-linker /lib64/ld-linux-x86-64.so.2 -pie -z now -z relro -o cmTC_57ed8 /usr/lib/gcc/x86_64-linux-gnu/9/../../../x86_64-linux-gnu/Scrt1.o /usr/lib/gcc/x86_64-linux-gnu/9/../../../x86_64-linux-gnu/crti.o /usr/lib/gcc/x86_64-linux-gnu/9/crtbeginS.o /usr/lib/gcc/x86_64-linux-gnu/9/crtoffloadbegin.o -L/usr/lib/gcc/x86_64-linux-gnu/9 -L/usr/lib/gcc/x86_64-linux-gnu/9/../../../x86_64-linux-gnu -L/usr/lib/gcc/x86_64-linux-gnu/9/../../../../lib -L/lib/x86_64-linux-gnu -L/lib/../lib -L/usr/lib/x86_64-linux-gnu -L/usr/lib/../lib -L/usr/lib/gcc/x86_64-linux-gnu/9/../../.. CMakeFiles/cmTC_57ed8.dir/OpenMPTryFlag.f90.o -lgfortran -lm -lgomp -lgcc_s -lgcc -lquadmath -lm -lgcc_s -lgcc -lpthread -lc -lgcc_s -lgcc /usr/lib/gcc/x86_64-linux-gnu/9/crtendS.o /usr/lib/gcc/x86_64-linux-gnu/9/../../../x86_64-linux-gnu/crtn.o /usr/lib/gcc/x86_64-linux-gnu/9/crtoffloadend.o
COLLECT_GCC_OPTIONS='-std=f2018' '-O3' '-g' '-Wpedantic' '-Wall' '-Wno-unused-dummy-argument' '-cpp' '-fopenmp' '-v' '-o' 'cmTC_57ed8' '-v' '-shared-libgcc' '-mtune=generic' '-march=x86-64' '-pthread'
make[1]: Leaving directory '/home/lb831/SCONE/Build/CMakeFiles/CMakeTmp'



Parsed Fortran OpenMP implicit link information from above output:
  link line regex: [^( *|.*[/\])(ld|CMAKE_LINK_STARTFILE-NOTFOUND|([^/\]+-)?ld|collect2)[^/\]*( |$)]
  ignore line: [Change Dir: /home/lb831/SCONE/Build/CMakeFiles/CMakeTmp]
  ignore line: []
  ignore line: [Run Build Command(s):/usr/bin/make cmTC_57ed8/fast && /usr/bin/make -f CMakeFiles/cmTC_57ed8.dir/build.make CMakeFiles/cmTC_57ed8.dir/build]
  ignore line: [make[1]: Entering directory '/home/lb831/SCONE/Build/CMakeFiles/CMakeTmp']
  ignore line: [Building Fortran object CMakeFiles/cmTC_57ed8.dir/OpenMPTryFlag.f90.o]
  ignore line: [/usr/bin/gfortran   -std=f2018 -O3 -g -pedantic -Wall -Wno-unused-dummy-argument -cpp -fopenmp -v   -c /home/lb831/SCONE/Build/CMakeFiles/FindOpenMP/OpenMPTryFlag.f90 -o CMakeFiles/cmTC_57ed8.dir/OpenMPTryFlag.f90.o]
  ignore line: [Using built-in specs.]
  ignore line: [COLLECT_GCC=/usr/bin/gfortran]
  ignore line: [OFFLOAD_TARGET_NAMES=nvptx-none:hsa]
  ignore line: [OFFLOAD_TARGET_DEFAULT=1]
  ignore line: [Target: x86_64-linux-gnu]
  ignore line: [Configured with: ../src/configure -v --with-pkgversion='Ubuntu 9.4.0-1ubuntu1~20.04.2' --with-bugurl=file:///usr/share/doc/gcc-9/README.Bugs --enable-languages=c ada c++ go brig d fortran objc obj-c++ gm2 --prefix=/usr --with-gcc-major-version-only --program-suffix=-9 --program-prefix=x86_64-linux-gnu- --enable-shared --enable-linker-build-id --libexecdir=/usr/lib --without-included-gettext --enable-threads=posix --libdir=/usr/lib --enable-nls --enable-clocale=gnu --enable-libstdcxx-debug --enable-libstdcxx-time=yes --with-default-libstdcxx-abi=new --enable-gnu-unique-object --disable-vtable-verify --enable-plugin --enable-default-pie --with-system-zlib --with-target-system-zlib=auto --enable-objc-gc=auto --enable-multiarch --disable-werror --with-arch-32=i686 --with-abi=m64 --with-multilib-list=m32 m64 mx32 --enable-multilib --with-tune=generic --enable-offload-targets=nvptx-none=/build/gcc-9-9QDOt0/gcc-9-9.4.0/debian/tmp-nvptx/usr hsa --without-cuda-driver --enable-checking=release --build=x86_64-linux-gnu --host=x86_64-linux-gnu --target=x86_64-linux-gnu]
  ignore line: [Thread model: posix]
  ignore line: [gcc version 9.4.0 (Ubuntu 9.4.0-1ubuntu1~20.04.2) ]
  ignore line: [COLLECT_GCC_OPTIONS='-std=f2018' '-O3' '-g' '-Wpedantic' '-Wall' '-Wno-unused-dummy-argument' '-cpp' '-fopenmp' '-v' '-c' '-o' 'CMakeFiles/cmTC_57ed8.dir/OpenMPTryFlag.f90.o' '-mtune=generic' '-march=x86-64' '-pthread']
  ignore line: [ /usr/lib/gcc/x86_64-linux-gnu/9/f951 /home/lb831/SCONE/Build/CMakeFiles/FindOpenMP/OpenMPTryFlag.f90 -cpp=/tmp/ccMu91Iw.f90 -quiet -v -imultiarch x86_64-linux-gnu -D_REENTRANT /home/lb831/SCONE/Build/CMakeFiles/FindOpenMP/OpenMPTryFlag.f90 -quiet -dumpbase OpenMPTryFlag.f90 -mtune=generic -march=x86-64 -auxbase-strip CMakeFiles/cmTC_57ed8.dir/OpenMPTryFlag.f90.o -g -O3 -Wpedantic -Wall -Wno-unused-dummy-argument -std=f2018 -version -fopenmp -fintrinsic-modules-path /usr/lib/gcc/x86_64-linux-gnu/9/finclude -fpre-include=/usr/include/finclude/math-vector-fortran.h -o /tmp/cc4uev0x.s]
  ignore line: [GNU Fortran (Ubuntu 9.4.0-1ubuntu1~20.04.2) version 9.4.0 (x86_64-linux-gnu)]
  ignore line: [	compiled by GNU C version 9.4.0  GMP version 6.2.0  MPFR version 4.0.2  MPC version 1.1.0  isl version isl-0.22.1-GMP]
  ignore line: []
  ignore line: [GGC heuristics: --param ggc-min-expand=100 --param ggc-min-heapsize=131072]
  ignore line: [ignoring nonexistent directory "/usr/local/include/x86_64-linux-gnu"]
  ignore line: [ignoring nonexistent directory "/usr/lib/gcc/x86_64-linux-gnu/9/include-fixed"]
  ignore line: [ignoring nonexistent directory "/usr/lib/gcc/x86_64-linux-gnu/9/../../../../x86_64-linux-gnu/include"]
  ignore line: [#include "..." search starts here:]
  ignore line: [#include <...> search starts here:]
  ignore line: [ /usr/lib/gcc/x86_64-linux-gnu/9/finclude]
  ignore line: [ /usr/lib/gcc/x86_64-linux-gnu/9/include]
  ignore line: [ /usr/local/include]
  ignore line: [ /usr/include/x86_64-linux-gnu]
  ignore line: [ /usr/include]
  ignore line: [End of search list.]
  ignore line: [GNU Fortran2008 (Ubuntu 9.4.0-1ubuntu1~20.04.2) version 9.4.0 (x86_64-linux-gnu)]
  ignore line: [	compiled by GNU C version 9.4.0  GMP version 6.2.0  MPFR version 4.0.2  MPC version 1.1.0  isl version isl-0.22.1-GMP]
  ignore line: []
  ignore line: [GGC heuristics: --param ggc-min-expand=100 --param ggc-min-heapsize=131072]
  ignore line: [COLLECT_GCC_OPTIONS='-std=f2018' '-O3' '-g' '-Wpedantic' '-Wall' '-Wno-unused-dummy-argument' '-cpp' '-fopenmp' '-v' '-c' '-o' 'CMakeFiles/cmTC_57ed8.dir/OpenMPTryFlag.f90.o' '-mtune=generic' '-march=x86-64' '-pthread']
  ignore line: [ as -v --64 -o CMakeFiles/cmTC_57ed8.dir/OpenMPTryFlag.f90.o /tmp/cc4uev0x.s]
  ignore line: [GNU assembler version 2.34 (x86_64-linux-gnu) using BFD version (GNU Binutils for Ubuntu) 2.34]
  ignore line: [COMPILER_PATH=/usr/lib/gcc/x86_64-linux-gnu/9/:/usr/lib/gcc/x86_64-linux-gnu/9/:/usr/lib/gcc/x86_64-linux-gnu/:/usr/lib/gcc/x86_64-linux-gnu/9/:/usr/lib/gcc/x86_64-linux-gnu/]
  ignore line: [LIBRARY_PATH=/usr/lib/gcc/x86_64-linux-gnu/9/:/usr/lib/gcc/x86_64-linux-gnu/9/../../../x86_64-linux-gnu/:/usr/lib/gcc/x86_64-linux-gnu/9/../../../../lib/:/lib/x86_64-linux-gnu/:/lib/../lib/:/usr/lib/x86_64-linux-gnu/:/usr/lib/../lib/:/usr/lib/gcc/x86_64-linux-gnu/9/../../../:/lib/:/usr/lib/]
  ignore line: [COLLECT_GCC_OPTIONS='-std=f2018' '-O3' '-g' '-Wpedantic' '-Wall' '-Wno-unused-dummy-argument' '-cpp' '-fopenmp' '-v' '-c' '-o' 'CMakeFiles/cmTC_57ed8.dir/OpenMPTryFlag.f90.o' '-mtune=generic' '-march=x86-64' '-pthread']
  ignore line: [Linking Fortran executable cmTC_57ed8]
  ignore line: [/usr/bin/cmake -E cmake_link_script CMakeFiles/cmTC_57ed8.dir/link.txt --verbose=1]
  ignore line: [/usr/bin/gfortran     -std=f2018 -O3 -g -pedantic -Wall -Wno-unused-dummy-argument -cpp -fopenmp -v CMakeFiles/cmTC_57ed8.dir/OpenMPTryFlag.f90.o  -o cmTC_57ed8  -v ]
  ignore line: [Driving: /usr/bin/gfortran -std=f2018 -O3 -g -pedantic -Wall -Wno-unused-dummy-argument -cpp -fopenmp -v CMakeFiles/cmTC_57ed8.dir/OpenMPTryFlag.f90.o -o cmTC_57ed8 -v -l gfortran -l m -shared-libgcc]
  ignore line: [Using built-in specs.]
  ignore line: [COLLECT_GCC=/usr/bin/gfortran]
  ignore line: [COLLECT_LTO_WRAPPER=/usr/lib/gcc/x86_64-linux-gnu/9/lto-wrapper]
  ignore line: [OFFLOAD_TARGET_NAMES=nvptx-none:hsa]
  ignore line: [OFFLOAD_TARGET_DEFAULT=1]
  ignore line: [Target: x86_64-linux-gnu]
  ignore line: [Configured with: ../src/configure -v --with-pkgversion='Ubuntu 9.4.0-1ubuntu1~20.04.2' --with-bugurl=file:///usr/share/doc/gcc-9/README.Bugs --enable-languages=c ada c++ go brig d fortran objc obj-c++ gm2 --prefix=/usr --with-gcc-major-version-only --program-suffix=-9 --program-prefix=x86_64-linux-gnu- --enable-shared --enable-linker-build-id --libexecdir=/usr/lib --without-included-gettext --enable-threads=posix --libdir=/usr/lib --enable-nls --enable-clocale=gnu --enable-libstdcxx-debug --enable-libstdcxx-time=yes --with-default-libstdcxx-abi=new --enable-gnu-unique-object --disable-vtable-verify --enable-plugin --enable-default-pie --with-system-zlib --with-target-system-zlib=auto --enable-objc-gc=auto --enable-multiarch --disable-werror --with-arch-32=i686 --with-abi=m64 --with-multilib-list=m32 m64 mx32 --enable-multilib --with-tune=generic --enable-offload-targets=nvptx-none=/build/gcc-9-9QDOt0/gcc-9-9.4.0/debian/tmp-nvptx/usr hsa --without-cuda-driver --enable-checking=release --build=x86_64-linux-gnu --host=x86_64-linux-gnu --target=x86_64-linux-gnu]
  ignore line: [Thread model: posix]
  ignore line: [gcc version 9.4.0 (Ubuntu 9.4.0-1ubuntu1~20.04.2) ]
  ignore line: [Reading specs from /usr/lib/gcc/x86_64-linux-gnu/9/libgfortran.spec]
  ignore line: [rename spec lib to liborig]
  ignore line: [COLLECT_GCC_OPTIONS='-std=f2018' '-O3' '-g' '-Wpedantic' '-Wall' '-Wno-unused-dummy-argument' '-cpp' '-fopenmp' '-v' '-o' 'cmTC_57ed8' '-v' '-shared-libgcc' '-mtune=generic' '-march=x86-64' '-pthread']
  ignore line: [COMPILER_PATH=/usr/lib/gcc/x86_64-linux-gnu/9/:/usr/lib/gcc/x86_64-linux-gnu/9/:/usr/lib/gcc/x86_64-linux-gnu/:/usr/lib/gcc/x86_64-linux-gnu/9/:/usr/lib/gcc/x86_64-linux-gnu/]
  ignore line: [LIBRARY_PATH=/usr/lib/gcc/x86_64-linux-gnu/9/:/usr/lib/gcc/x86_64-linux-gnu/9/../../../x86_64-linux-gnu/:/usr/lib/gcc/x86_64-linux-gnu/9/../../../../lib/:/lib/x86_64-linux-gnu/:/lib/../lib/:/usr/lib/x86_64-linux-gnu/:/usr/lib/../lib/:/usr/lib/gcc/x86_64-linux-gnu/9/../../../:/lib/:/usr/lib/]
  ignore line: [Reading specs from /usr/lib/gcc/x86_64-linux-gnu/9/libgomp.spec]
  ignore line: [COLLECT_GCC_OPTIONS='-std=f2018' '-O3' '-g' '-Wpedantic' '-Wall' '-Wno-unused-dummy-argument' '-cpp' '-fopenmp' '-v' '-o' 'cmTC_57ed8' '-v' '-shared-libgcc' '-mtune=generic' '-march=x86-64' '-pthread']
  link line: [ /usr/lib/gcc/x86_64-linux-gnu/9/collect2 -plugin /usr/lib/gcc/x86_64-linux-gnu/9/liblto_plugin.so -plugin-opt=/usr/lib/gcc/x86_64-linux-gnu/9/lto-wrapper -plugin-opt=-fresolution=/tmp/ccF35Fe1.res -plugin-opt=-pass-through=-lgcc_s -plugin-opt=-pass-through=-lgcc -plugin-opt=-pass-through=-lquadmath -plugin-opt=-pass-through=-lm -plugin-opt=-pass-through=-lgcc_s -plugin-opt=-pass-through=-lgcc -plugin-opt=-pass-through=-lpthread -plugin-opt=-pass-through=-lc -plugin-opt=-pass-through=-lgcc_s -plugin-opt=-pass-through=-lgcc --build-id --eh-frame-hdr -m elf_x86_64 --hash-style=gnu --as-needed -dynamic-linker /lib64/ld-linux-x86-64.so.2 -pie -z now -z relro -o cmTC_57ed8 /usr/lib/gcc/x86_64-linux-gnu/9/../../../x86_64-linux-gnu/Scrt1.o /usr/lib/gcc/x86_64-linux-gnu/9/../../../x86_64-linux-gnu/crti.o /usr/lib/gcc/x86_64-linux-gnu/9/crtbeginS.o /usr/lib/gcc/x86_64-linux-gnu/9/crtoffloadbegin.o -L/usr/lib/gcc/x86_64-linux-gnu/9 -L/usr/lib/gcc/x86_64-linux-gnu/9/../../../x86_64-linux-gnu -L/usr/lib/gcc/x86_64-linux-gnu/9/../../../../lib -L/lib/x86_64-linux-gnu -L/lib/../lib -L/usr/lib/x86_64-linux-gnu -L/usr/lib/../lib -L/usr/lib/gcc/x86_64-linux-gnu/9/../../.. CMakeFiles/cmTC_57ed8.dir/OpenMPTryFlag.f90.o -lgfortran -lm -lgomp -lgcc_s -lgcc -lquadmath -lm -lgcc_s -lgcc -lpthread -lc -lgcc_s -lgcc /usr/lib/gcc/x86_64-linux-gnu/9/crtendS.o /usr/lib/gcc/x86_64-linux-gnu/9/../../../x86_64-linux-gnu/crtn.o /usr/lib/gcc/x86_64-linux-gnu/9/crtoffloadend.o]
    arg [/usr/lib/gcc/x86_64-linux-gnu/9/collect2] ==> ignore
    arg [-plugin] ==> ignore
    arg [/usr/lib/gcc/x86_64-linux-gnu/9/liblto_plugin.so] ==> ignore
    arg [-plugin-opt=/usr/lib/gcc/x86_64-linux-gnu/9/lto-wrapper] ==> ignore
    arg [-plugin-opt=-fresolution=/tmp/ccF35Fe1.res] ==> ignore
    arg [-plugin-opt=-pass-through=-lgcc_s] ==> ignore
    arg [-plugin-opt=-pass-through=-lgcc] ==> ignore
    arg [-plugin-opt=-pass-through=-lquadmath] ==> ignore
    arg [-plugin-opt=-pass-through=-lm] ==> ignore
    arg [-plugin-opt=-pass-through=-lgcc_s] ==> ignore
    arg [-plugin-opt=-pass-through=-lgcc] ==> ignore
    arg [-plugin-opt=-pass-through=-lpthread] ==> ignore
    arg [-plugin-opt=-pass-through=-lc] ==> ignore
    arg [-plugin-opt=-pass-through=-lgcc_s] ==> ignore
    arg [-plugin-opt=-pass-through=-lgcc] ==> ignore
    arg [--build-id] ==> ignore
    arg [--eh-frame-hdr] ==> ignore
    arg [-m] ==> ignore
    arg [elf_x86_64] ==> ignore
    arg [--hash-style=gnu] ==> ignore
    arg [--as-needed] ==> ignore
    arg [-dynamic-linker] ==> ignore
    arg [/lib64/ld-linux-x86-64.so.2] ==> ignore
    arg [-pie] ==> ignore
    arg [-znow] ==> ignore
    arg [-zrelro] ==> ignore
    arg [-o] ==> ignore
    arg [cmTC_57ed8] ==> ignore
    arg [/usr/lib/gcc/x86_64-linux-gnu/9/../../../x86_64-linux-gnu/Scrt1.o] ==> ignore
    arg [/usr/lib/gcc/x86_64-linux-gnu/9/../../../x86_64-linux-gnu/crti.o] ==> ignore
    arg [/usr/lib/gcc/x86_64-linux-gnu/9/crtbeginS.o] ==> ignore
    arg [/usr/lib/gcc/x86_64-linux-gnu/9/crtoffloadbegin.o] ==> ignore
    arg [-L/usr/lib/gcc/x86_64-linux-gnu/9] ==> dir [/usr/lib/gcc/x86_64-linux-gnu/9]
    arg [-L/usr/lib/gcc/x86_64-linux-gnu/9/../../../x86_64-linux-gnu] ==> dir [/usr/lib/gcc/x86_64-linux-gnu/9/../../../x86_64-linux-gnu]
    arg [-L/usr/lib/gcc/x86_64-linux-gnu/9/../../../../lib] ==> dir [/usr/lib/gcc/x86_64-linux-gnu/9/../../../../lib]
    arg [-L/lib/x86_64-linux-gnu] ==> dir [/lib/x86_64-linux-gnu]
    arg [-L/lib/../lib] ==> dir [/lib/../lib]
    arg [-L/usr/lib/x86_64-linux-gnu] ==> dir [/usr/lib/x86_64-linux-gnu]
    arg [-L/usr/lib/../lib] ==> dir [/usr/lib/../lib]
    arg [-L/usr/lib/gcc/x86_64-linux-gnu/9/../../..] ==> dir [/usr/lib/gcc/x86_64-linux-gnu/9/../../..]
    arg [CMakeFiles/cmTC_57ed8.dir/OpenMPTryFlag.f90.o] ==> ignore
    arg [-lgfortran] ==> lib [gfortran]
    arg [-lm] ==> lib [m]
    arg [-lgomp] ==> lib [gomp]
    arg [-lgcc_s] ==> lib [gcc_s]
    arg [-lgcc] ==> lib [gcc]
    arg [-lquadmath] ==> lib [quadmath]
    arg [-lm] ==> lib [m]
    arg [-lgcc_s] ==> lib [gcc_s]
    arg [-lgcc] ==> lib [gcc]
    arg [-lpthread] ==> lib [pthread]
    arg [-lc] ==> lib [c]
    arg [-lgcc_s] ==> lib [gcc_s]
    arg [-lgcc] ==> lib [gcc]
    arg [/usr/lib/gcc/x86_64-linux-gnu/9/crtendS.o] ==> ignore
    arg [/usr/lib/gcc/x86_64-linux-gnu/9/../../../x86_64-linux-gnu/crtn.o] ==> ignore
    arg [/usr/lib/gcc/x86_64-linux-gnu/9/crtoffloadend.o] ==> ignore
  collapse library dir [/usr/lib/gcc/x86_64-linux-gnu/9] ==> [/usr/lib/gcc/x86_64-linux-gnu/9]
  collapse library dir [/usr/lib/gcc/x86_64-linux-gnu/9/../../../x86_64-linux-gnu] ==> [/usr/lib/x86_64-linux-gnu]
  collapse library dir [/usr/lib/gcc/x86_64-linux-gnu/9/../../../../lib] ==> [/usr/lib]
  collapse library dir [/lib/x86_64-linux-gnu] ==> [/lib/x86_64-linux-gnu]
  collapse library dir [/lib/../lib] ==> [/lib]
  collapse library dir [/usr/lib/x86_64-linux-gnu] ==> [/usr/lib/x86_64-linux-gnu]
  collapse library dir [/usr/lib/../lib] ==> [/usr/lib]
  collapse library dir [/usr/lib/gcc/x86_64-linux-gnu/9/../../..] ==> [/usr/lib]
  implicit libs: [gfortran;m;gomp;gcc_s;gcc;quadmath;m;gcc_s;gcc;pthread;c;gcc_s;gcc]
  implicit dirs: [/usr/lib/gcc/x86_64-linux-gnu/9;/usr/lib/x86_64-linux-gnu;/usr/lib;/lib/x86_64-linux-gnu;/lib]
  implicit fwks: []


